demand_actual,demand_sigma,demand_forecast,transit_orders,leads,skus_missed_sale_to_inventory_cost_ratio,constraint_relaxation,mip_solver_status,sim_reward,mip_action,iter_cost,inventory,missed_sale,replenishment,state_in_transit,demand_all_levels,hold_cost_per_unit,inventory_constraint,episode_sigmax,inventory_sum,inventory_sum_plus_demand,constraint_relaxed,mip_cost_config,safety_stock_stage0,safety_stock_stage1,safety_stock_stage2,skus_safety,demand_distribution_profile,sigmax,offset,amp1,ph1,amp2,ph2,randvar,initial_inventory_low,initial_inventory_high,initial_inventory,lead_profile,solver,filter_alpha,missed_sale_to_inventory_cost_ratio,action_frequency,number_of_sku,missed_sale_to_inventory_cost_ratio_variable_per_sku,number_of_stages,constraint_coupling,inventory_capacity,mode,episode,iteration,TimeStamp
"[20, 22]","[[3, 0, 4, 4, 4, 2, 0, 4, 4, 0, 2, 2, 2, 3, 3], [4, 3, 0, 1, 4, 4, 3, 2, 3, 2, 0, 0, 1, 0, 1]]","[[21, 21, 21, 21, 21, 21, 20, 20, 20, 20, 20, 19, 19, 19, 19], [20, 20, 20, 20, 20, 20, 20, 20, 20, 20, 20, 20, 20, 20, 20]]","[[0, 0, 0, 0, 0, 0, 0, 0, 0, 0, 0, 0, 0, 0, 0, 0, 0, 0, 0, 0, 0, 0, 0, 0, 0, 0, 0, 0, 0, 0, 0, 0, 0, 0, 0, 0, 0, 0, 0, 0, 0, 0, 0, 0, 0], [0, 0, 0, 0, 0, 0, 0, 0, 0, 0, 0, 0, 0, 0, 0, 0, 0, 0, 0, 0, 0, 0, 0, 0, 0, 0, 0, 0, 0, 0, 0, 0, 0, 0, 0, 0, 0, 0, 0, 0, 0, 0, 0, 0, 0]]","[[2, 3, 4], [2, 3, 4]]","[99, 100]",1,Safety,-5959.418,"[[23.0, 23.0, 10.0], [21.0, 21.0, 4.0]]",-272.0412,"[[0.0, 7.0, 0.0], [8.0, 6.0, 0.0]]","[[1.0, 0.0, 13.0], [0.0, 0.0, 17.0]]","[[20.0, 13.0, 10.0], [24.0, 19.0, 4.0]]","[[[20.0, 17.0, 10.0], [23.0, 19.0, 10.0], [0.0, 19.0, 10.0], [0.0, 23.0, 10.0], [0.0, 0.0, 10.0], [0.0, 0.0, 10.0], [0.0, 0.0, 0.0], [0.0, 0.0, 0.0], [0.0, 0.0, 0.0], [0.0, 0.0, 0.0], [0.0, 0.0, 0.0], [0.0, 0.0, 0.0], [0.0, 0.0, 0.0], [0.0, 0.0, 0.0], [0.0, 0.0, 0.0], [0.0, 0.0, 0.0], [0.0, 0.0, 0.0], [0.0, 0.0, 0.0], [0.0, 0.0, 0.0], [0.0, 0.0, 0.0], [0.0, 0.0, 0.0], [0.0, 0.0, 0.0], [0.0, 0.0, 0.0], [0.0, 0.0, 0.0], [0.0, 0.0, 0.0], [0.0, 0.0, 0.0], [0.0, 0.0, 0.0], [0.0, 0.0, 0.0], [0.0, 0.0, 0.0], [0.0, 0.0, 0.0]], [[19.0, 24.0, 4.0], [20.0, 19.0, 4.0], [21.0, 20.0, 4.0], [0.0, 21.0, 4.0], [0.0, 0.0, 0.0], [0.0, 0.0, 0.0], [0.0, 0.0, 0.0], [0.0, 0.0, 0.0], [0.0, 0.0, 0.0], [0.0, 0.0, 0.0], [0.0, 0.0, 0.0], [0.0, 0.0, 0.0], [0.0, 0.0, 0.0], [0.0, 0.0, 0.0], [0.0, 0.0, 0.0], [0.0, 0.0, 0.0], [0.0, 0.0, 0.0], [0.0, 0.0, 0.0], [0.0, 0.0, 0.0], [0.0, 0.0, 0.0], [0.0, 0.0, 0.0], [0.0, 0.0, 0.0], [0.0, 0.0, 0.0], [0.0, 0.0, 0.0], [0.0, 0.0, 0.0], [0.0, 0.0, 0.0], [0.0, 0.0, 0.0], [0.0, 0.0, 0.0], [0.0, 0.0, 0.0], [0.0, 0.0, 0.0]]]","[[22, 23, 23], [16, 21, 21]]","[[0.1688, 0.1266, 0.0844], [0.1676, 0.1257, 0.0838]]","[5000, 5000, 5000]",5,"[8.0, 13.0, 0.0]","[134.0, 139.0, 126.0]",1,Safety,,,,,5,5,20,5,0.02,3,0.05,1,1,10,"[33, 40, 100]",2,1,0.2,100,10,2,no,4,1,5000,assessment,1,1,2022-08-30-14-50-30
"[20, 19]","[[2, 2, 2, 3, 3, 3, 1, 3, 0, 4, 0, 2, 0, 4, 1], [0, 0, 1, 0, 1, 0, 0, 4, 0, 4, 3, 4, 3, 3, 4]]","[[20, 19, 19, 19, 19, 19, 18, 18, 18, 18, 17, 17, 17, 17, 16], [20, 20, 20, 20, 20, 20, 20, 20, 20, 20, 20, 20, 20, 20, 20]]","[[23, 20, 20, 18, 14, 15, 21, 21, 21, 26, 0, 0, 0, 0, 0, 23, 19, 19, 17, 13, 15, 20, 20, 19, 30, 0, 0, 0, 0, 0, 10, 10, 10, 10, 10, 10, 10, 10, 10, 30, 0, 0, 0, 0, 0], [21, 20, 19, 24, 19, 20, 20, 20, 20, 24, 0, 0, 0, 0, 0, 21, 20, 19, 24, 19, 20, 20, 20, 20, 30, 0, 0, 0, 0, 0, 4, 4, 4, 4, 4, 4, 4, 4, 4, 24, 0, 0, 0, 0, 0]]","[[2, 4, 6], [3, 4, 4]]","[99, 100]",1,Safety,-1667.8065000000001,"[[15.0, 14.0, 8.0], [21.0, 21.0, 9.0]]",-155.74470000000002,"[[8.0, 11.0, 0.0], [7.0, 5.0, 0.0]]","[[0.0, 0.0, 6.0], [0.0, 0.0, 12.0]]","[[20.0, 13.0, 8.0], [18.0, 20.0, 9.0]]","[[[16.0, 14.0, 8.0], [15.0, 19.0, 8.0], [0.0, 15.0, 8.0], [0.0, 14.0, 8.0], [0.0, 0.0, 8.0], [0.0, 0.0, 8.0], [0.0, 0.0, 0.0], [0.0, 0.0, 0.0], [0.0, 0.0, 0.0], [0.0, 0.0, 0.0], [0.0, 0.0, 0.0], [0.0, 0.0, 0.0], [0.0, 0.0, 0.0], [0.0, 0.0, 0.0], [0.0, 0.0, 0.0], [0.0, 0.0, 0.0], [0.0, 0.0, 0.0], [0.0, 0.0, 0.0], [0.0, 0.0, 0.0], [0.0, 0.0, 0.0], [0.0, 0.0, 0.0], [0.0, 0.0, 0.0], [0.0, 0.0, 0.0], [0.0, 0.0, 0.0], [0.0, 0.0, 0.0], [0.0, 0.0, 0.0], [0.0, 0.0, 0.0], [0.0, 0.0, 0.0], [0.0, 0.0, 0.0], [0.0, 0.0, 0.0]], [[20.0, 18.0, 9.0], [20.0, 20.0, 9.0], [21.0, 20.0, 9.0], [0.0, 21.0, 9.0], [0.0, 0.0, 0.0], [0.0, 0.0, 0.0], [0.0, 0.0, 0.0], [0.0, 0.0, 0.0], [0.0, 0.0, 0.0], [0.0, 0.0, 0.0], [0.0, 0.0, 0.0], [0.0, 0.0, 0.0], [0.0, 0.0, 0.0], [0.0, 0.0, 0.0], [0.0, 0.0, 0.0], [0.0, 0.0, 0.0], [0.0, 0.0, 0.0], [0.0, 0.0, 0.0], [0.0, 0.0, 0.0], [0.0, 0.0, 0.0], [0.0, 0.0, 0.0], [0.0, 0.0, 0.0], [0.0, 0.0, 0.0], [0.0, 0.0, 0.0], [0.0, 0.0, 0.0], [0.0, 0.0, 0.0], [0.0, 0.0, 0.0], [0.0, 0.0, 0.0], [0.0, 0.0, 0.0], [0.0, 0.0, 0.0]]]","[[18, 15, 14], [20, 21, 21]]","[[0.1688, 0.1266, 0.0844], [0.1676, 0.1257, 0.0838]]","[5000, 5000, 5000]",5,"[15.0, 16.0, 0.0]","[124.0, 125.0, 109.0]",1,Safety,"[5.0, 8.0]","[7.0, 4.0]","[8.0, 9.0]","[[5.0, 7.0, 8.0], [8.0, 4.0, 9.0]]",5,5,20,5,0.02,3,0.05,1,1,10,"[33, 40, 100]",2,1,0.2,100,10,2,no,4,1,5000,assessment,1,2,2022-08-30-14-50-32
"[12, 16]","[[0, 2, 0, 4, 1, 0, 2, 2, 2, 1, 4, 0, 3, 3, 4], [3, 4, 3, 3, 4, 3, 0, 0, 1, 0, 3, 1, 3, 2, 3]]","[[17, 17, 17, 17, 16, 16, 16, 16, 16, 15, 15, 15, 15, 14, 14], [20, 20, 20, 20, 20, 20, 20, 20, 20, 20, 20, 20, 19, 19, 19]]","[[15, 16, 20, 15, 14, 19, 19, 18, 19, 20, 23, 20, 20, 18, 14, 14, 15, 19, 14, 13, 18, 18, 17, 18, 17, 23, 19, 19, 17, 13, 8, 8, 8, 8, 8, 8, 8, 8, 8, 8, 10, 10, 10, 10, 10], [21, 20, 20, 18, 20, 20, 20, 20, 19, 20, 21, 20, 19, 24, 19, 21, 20, 20, 18, 20, 20, 20, 20, 19, 14, 21, 20, 19, 24, 19, 9, 9, 9, 9, 9, 9, 9, 9, 9, 9, 4, 4, 4, 4, 4]]","[[2, 4, 6], [2, 3, 4]]","[99, 100]",1,Safety,-1105.5168999999999,"[[15.0, 14.0, 6.0], [20.0, 19.0, 19.0]]",-73.22679999999998,"[[4.0, 4.0, 0.0], [7.0, 12.0, 22.0]]","[[0.0, 0.0, 8.0], [0.0, 0.0, 0.0]]","[[15.0, 19.0, 6.0], [14.0, 11.0, 17.0]]","[[[16.0, 16.0, 6.0], [15.0, 14.0, 6.0], [0.0, 15.0, 6.0], [0.0, 14.0, 6.0], [0.0, 0.0, 6.0], [0.0, 0.0, 6.0], [0.0, 0.0, 0.0], [0.0, 0.0, 0.0], [0.0, 0.0, 0.0], [0.0, 0.0, 0.0], [0.0, 0.0, 0.0], [0.0, 0.0, 0.0], [0.0, 0.0, 0.0], [0.0, 0.0, 0.0], [0.0, 0.0, 0.0], [0.0, 0.0, 0.0], [0.0, 0.0, 0.0], [0.0, 0.0, 0.0], [0.0, 0.0, 0.0], [0.0, 0.0, 0.0], [0.0, 0.0, 0.0], [0.0, 0.0, 0.0], [0.0, 0.0, 0.0], [0.0, 0.0, 0.0], [0.0, 0.0, 0.0], [0.0, 0.0, 0.0], [0.0, 0.0, 0.0], [0.0, 0.0, 0.0], [0.0, 0.0, 0.0], [0.0, 0.0, 0.0]], [[20.0, 13.0, 10.0], [20.0, 19.0, 13.0], [0.0, 19.0, 19.0], [0.0, 0.0, 19.0], [0.0, 0.0, 0.0], [0.0, 0.0, 0.0], [0.0, 0.0, 0.0], [0.0, 0.0, 0.0], [0.0, 0.0, 0.0], [0.0, 0.0, 0.0], [0.0, 0.0, 0.0], [0.0, 0.0, 0.0], [0.0, 0.0, 0.0], [0.0, 0.0, 0.0], [0.0, 0.0, 0.0], [0.0, 0.0, 0.0], [0.0, 0.0, 0.0], [0.0, 0.0, 0.0], [0.0, 0.0, 0.0], [0.0, 0.0, 0.0], [0.0, 0.0, 0.0], [0.0, 0.0, 0.0], [0.0, 0.0, 0.0], [0.0, 0.0, 0.0], [0.0, 0.0, 0.0], [0.0, 0.0, 0.0], [0.0, 0.0, 0.0], [0.0, 0.0, 0.0], [0.0, 0.0, 0.0], [0.0, 0.0, 0.0]]]","[[17, 15, 14], [20, 20, 19]]","[[0.1688, 0.1266, 0.0844], [0.1676, 0.1257, 0.0838]]","[5000, 5000, 5000]",5,"[11.0, 16.0, 22.0]","[116.0, 121.0, 127.0]",1,Safety,"[7.0, 7.0]","[6.0, 6.0]","[6.0, 7.0]","[[7.0, 6.0, 6.0], [7.0, 6.0, 7.0]]",5,5,20,5,0.02,3,0.05,1,1,10,"[33, 40, 100]",2,1,0.2,100,10,2,no,4,1,5000,assessment,1,3,2022-08-30-14-50-33
"[15, 20]","[[4, 0, 3, 3, 4, 1, 4, 1, 0, 0, 4, 0, 3, 1, 3], [3, 1, 3, 2, 3, 4, 3, 1, 2, 0, 1, 4, 2, 2, 4]]","[[15, 15, 15, 14, 14, 14, 14, 14, 14, 13, 13, 13, 13, 13, 13], [20, 20, 19, 19, 19, 19, 19, 19, 19, 19, 19, 19, 19, 19, 19]]","[[15, 16, 15, 17, 20, 16, 16, 16, 12, 19, 15, 16, 20, 15, 14, 14, 15, 14, 16, 19, 15, 15, 16, 11, 17, 14, 15, 19, 14, 13, 6, 6, 6, 6, 6, 6, 6, 6, 6, 6, 8, 8, 8, 8, 8], [20, 20, 14, 11, 17, 21, 25, 17, 16, 19, 21, 20, 20, 18, 20, 19, 19, 13, 11, 18, 20, 26, 17, 18, 19, 21, 20, 20, 18, 20, 19, 19, 13, 10, 17, 19, 19, 20, 20, 27, 9, 9, 9, 9, 9]]","[[2, 4, 6], [2, 3, 4]]","[99, 100]",1,Safety,-701.2665,"[[14.0, 14.0, 9.0], [20.0, 20.0, 20.0]]",-63.5669,"[[0.0, 4.0, 0.0], [9.0, 11.0, 13.0]]","[[1.0, 0.0, 5.0], [0.0, 0.0, 0.0]]","[[12.0, 18.0, 9.0], [18.0, 16.0, 18.0]]","[[[17.0, 13.0, 9.0], [14.0, 12.0, 9.0], [0.0, 17.0, 9.0], [0.0, 14.0, 9.0], [0.0, 0.0, 9.0], [0.0, 0.0, 9.0], [0.0, 0.0, 0.0], [0.0, 0.0, 0.0], [0.0, 0.0, 0.0], [0.0, 0.0, 0.0], [0.0, 0.0, 0.0], [0.0, 0.0, 0.0], [0.0, 0.0, 0.0], [0.0, 0.0, 0.0], [0.0, 0.0, 0.0], [0.0, 0.0, 0.0], [0.0, 0.0, 0.0], [0.0, 0.0, 0.0], [0.0, 0.0, 0.0], [0.0, 0.0, 0.0], [0.0, 0.0, 0.0], [0.0, 0.0, 0.0], [0.0, 0.0, 0.0], [0.0, 0.0, 0.0], [0.0, 0.0, 0.0], [0.0, 0.0, 0.0], [0.0, 0.0, 0.0], [0.0, 0.0, 0.0], [0.0, 0.0, 0.0], [0.0, 0.0, 0.0]], [[16.0, 18.0, 16.0], [20.0, 16.0, 18.0], [0.0, 20.0, 16.0], [0.0, 0.0, 20.0], [0.0, 0.0, 0.0], [0.0, 0.0, 0.0], [0.0, 0.0, 0.0], [0.0, 0.0, 0.0], [0.0, 0.0, 0.0], [0.0, 0.0, 0.0], [0.0, 0.0, 0.0], [0.0, 0.0, 0.0], [0.0, 0.0, 0.0], [0.0, 0.0, 0.0], [0.0, 0.0, 0.0], [0.0, 0.0, 0.0], [0.0, 0.0, 0.0], [0.0, 0.0, 0.0], [0.0, 0.0, 0.0], [0.0, 0.0, 0.0], [0.0, 0.0, 0.0], [0.0, 0.0, 0.0], [0.0, 0.0, 0.0], [0.0, 0.0, 0.0], [0.0, 0.0, 0.0], [0.0, 0.0, 0.0], [0.0, 0.0, 0.0], [0.0, 0.0, 0.0], [0.0, 0.0, 0.0], [0.0, 0.0, 0.0]]]","[[14, 14, 14], [19, 20, 20]]","[[0.1688, 0.1266, 0.0844], [0.1676, 0.1257, 0.0838]]","[5000, 5000, 5000]",5,"[9.0, 15.0, 13.0]","[110.0, 116.0, 114.0]",1,Safety,"[5.0, 7.0]","[8.0, 8.0]","[9.0, 7.0]","[[5.0, 8.0, 9.0], [7.0, 8.0, 7.0]]",5,5,20,5,0.02,3,0.05,1,1,10,"[33, 40, 100]",2,1,0.2,100,10,2,no,4,1,5000,assessment,1,4,2022-08-30-14-50-35
"[13, 19]","[[4, 0, 3, 1, 3, 1, 4, 3, 1, 0, 4, 1, 3, 1, 0], [1, 4, 2, 2, 4, 4, 4, 4, 3, 1, 0, 4, 4, 3, 3]]","[[13, 13, 13, 13, 13, 13, 12, 12, 12, 12, 12, 12, 12, 12, 12], [19, 19, 19, 19, 19, 19, 19, 19, 19, 19, 19, 19, 19, 19, 19]]","[[14, 17, 12, 14, 19, 14, 14, 12, 14, 15, 15, 16, 15, 17, 20, 14, 17, 12, 13, 18, 13, 13, 12, 14, 16, 14, 15, 14, 16, 19, 9, 9, 9, 9, 9, 9, 9, 9, 9, 9, 6, 6, 6, 6, 6], [20, 16, 18, 16, 18, 20, 20, 20, 19, 19, 20, 20, 14, 11, 17, 20, 16, 18, 16, 18, 20, 20, 20, 19, 21, 19, 19, 13, 11, 18, 20, 16, 18, 16, 18, 20, 20, 20, 19, 21, 19, 19, 13, 10, 17]]","[[2, 4, 6], [2, 3, 4]]","[99, 100]",1,Safety,-414.6798,"[[12.0, 12.0, 9.0], [19.0, 19.0, 19.0]]",-28.5137,"[[1.0, 9.0, 0.0], [8.0, 1.0, 5.0]]","[[0.0, 0.0, 3.0], [0.0, 0.0, 0.0]]","[[13.0, 11.0, 9.0], [25.0, 16.0, 22.0]]","[[[15.0, 7.0, 9.0], [12.0, 13.0, 9.0], [0.0, 15.0, 9.0], [0.0, 12.0, 9.0], [0.0, 0.0, 9.0], [0.0, 0.0, 9.0], [0.0, 0.0, 0.0], [0.0, 0.0, 0.0], [0.0, 0.0, 0.0], [0.0, 0.0, 0.0], [0.0, 0.0, 0.0], [0.0, 0.0, 0.0], [0.0, 0.0, 0.0], [0.0, 0.0, 0.0], [0.0, 0.0, 0.0], [0.0, 0.0, 0.0], [0.0, 0.0, 0.0], [0.0, 0.0, 0.0], [0.0, 0.0, 0.0], [0.0, 0.0, 0.0], [0.0, 0.0, 0.0], [0.0, 0.0, 0.0], [0.0, 0.0, 0.0], [0.0, 0.0, 0.0], [0.0, 0.0, 0.0], [0.0, 0.0, 0.0], [0.0, 0.0, 0.0], [0.0, 0.0, 0.0], [0.0, 0.0, 0.0], [0.0, 0.0, 0.0]], [[20.0, 25.0, 16.0], [19.0, 20.0, 23.0], [0.0, 19.0, 20.0], [0.0, 0.0, 19.0], [0.0, 0.0, 0.0], [0.0, 0.0, 0.0], [0.0, 0.0, 0.0], [0.0, 0.0, 0.0], [0.0, 0.0, 0.0], [0.0, 0.0, 0.0], [0.0, 0.0, 0.0], [0.0, 0.0, 0.0], [0.0, 0.0, 0.0], [0.0, 0.0, 0.0], [0.0, 0.0, 0.0], [0.0, 0.0, 0.0], [0.0, 0.0, 0.0], [0.0, 0.0, 0.0], [0.0, 0.0, 0.0], [0.0, 0.0, 0.0], [0.0, 0.0, 0.0], [0.0, 0.0, 0.0], [0.0, 0.0, 0.0], [0.0, 0.0, 0.0], [0.0, 0.0, 0.0], [0.0, 0.0, 0.0], [0.0, 0.0, 0.0], [0.0, 0.0, 0.0], [0.0, 0.0, 0.0], [0.0, 0.0, 0.0]]]","[[12, 12, 12], [17, 19, 19]]","[[0.1688, 0.1266, 0.0844], [0.1676, 0.1257, 0.0838]]","[5000, 5000, 5000]",5,"[9.0, 10.0, 5.0]","[100.0, 101.0, 96.0]",1,Safety,"[4.0, 7.0]","[8.0, 8.0]","[9.0, 7.0]","[[4.0, 8.0, 9.0], [7.0, 8.0, 7.0]]",5,5,20,5,0.02,3,0.05,1,1,10,"[33, 40, 100]",2,1,0.2,100,10,2,no,4,1,5000,assessment,1,5,2022-08-30-14-50-38
"[12, 19]","[[4, 1, 3, 1, 0, 4, 3, 0, 0, 0, 3, 0, 4, 3, 1], [0, 4, 4, 3, 3, 1, 3, 2, 0, 4, 1, 1, 1, 0, 0]]","[[12, 12, 12, 12, 12, 12, 12, 12, 12, 12, 12, 12, 12, 12, 12], [19, 19, 19, 19, 19, 19, 19, 19, 19, 19, 19, 19, 19, 19, 20]]","[[12, 15, 13, 7, 11, 11, 13, 14, 13, 12, 14, 17, 12, 14, 19, 12, 15, 13, 7, 11, 11, 12, 13, 12, 11, 14, 17, 12, 13, 18, 9, 9, 9, 9, 9, 9, 9, 9, 9, 9, 9, 9, 9, 9, 9], [19, 20, 25, 16, 22, 22, 20, 18, 19, 19, 20, 16, 18, 16, 18, 19, 20, 25, 16, 22, 22, 20, 18, 19, 19, 20, 16, 18, 16, 18, 19, 20, 23, 16, 22, 22, 20, 18, 19, 19, 20, 16, 18, 16, 18]]","[[2, 4, 6], [2, 3, 4]]","[99, 100]",1,Safety,-345.4101,"[[12.0, 12.0, 6.0], [19.0, 20.0, 20.0]]",-56.4797,"[[7.0, 8.0, 0.0], [9.0, 11.0, 9.0]]","[[0.0, 0.0, 6.0], [0.0, 0.0, 0.0]]","[[10.0, 12.0, 6.0], [19.0, 18.0, 20.0]]","[[[11.0, 12.0, 6.0], [12.0, 10.0, 6.0], [0.0, 11.0, 6.0], [0.0, 12.0, 6.0], [0.0, 0.0, 6.0], [0.0, 0.0, 6.0], [0.0, 0.0, 0.0], [0.0, 0.0, 0.0], [0.0, 0.0, 0.0], [0.0, 0.0, 0.0], [0.0, 0.0, 0.0], [0.0, 0.0, 0.0], [0.0, 0.0, 0.0], [0.0, 0.0, 0.0], [0.0, 0.0, 0.0], [0.0, 0.0, 0.0], [0.0, 0.0, 0.0], [0.0, 0.0, 0.0], [0.0, 0.0, 0.0], [0.0, 0.0, 0.0], [0.0, 0.0, 0.0], [0.0, 0.0, 0.0], [0.0, 0.0, 0.0], [0.0, 0.0, 0.0], [0.0, 0.0, 0.0], [0.0, 0.0, 0.0], [0.0, 0.0, 0.0], [0.0, 0.0, 0.0], [0.0, 0.0, 0.0], [0.0, 0.0, 0.0]], [[16.0, 19.0, 19.0], [19.0, 16.0, 20.0], [0.0, 20.0, 17.0], [0.0, 0.0, 20.0], [0.0, 0.0, 0.0], [0.0, 0.0, 0.0], [0.0, 0.0, 0.0], [0.0, 0.0, 0.0], [0.0, 0.0, 0.0], [0.0, 0.0, 0.0], [0.0, 0.0, 0.0], [0.0, 0.0, 0.0], [0.0, 0.0, 0.0], [0.0, 0.0, 0.0], [0.0, 0.0, 0.0], [0.0, 0.0, 0.0], [0.0, 0.0, 0.0], [0.0, 0.0, 0.0], [0.0, 0.0, 0.0], [0.0, 0.0, 0.0], [0.0, 0.0, 0.0], [0.0, 0.0, 0.0], [0.0, 0.0, 0.0], [0.0, 0.0, 0.0], [0.0, 0.0, 0.0], [0.0, 0.0, 0.0], [0.0, 0.0, 0.0], [0.0, 0.0, 0.0], [0.0, 0.0, 0.0], [0.0, 0.0, 0.0]]]","[[12, 12, 12], [19, 19, 20]]","[[0.1688, 0.1266, 0.0844], [0.1676, 0.1257, 0.0838]]","[5000, 5000, 5000]",5,"[16.0, 19.0, 9.0]","[110.0, 113.0, 103.0]",1,Safety,"[6.0, 6.0]","[5.0, 8.0]","[6.0, 5.0]","[[6.0, 5.0, 6.0], [6.0, 8.0, 5.0]]",5,5,20,5,0.02,3,0.05,1,1,10,"[33, 40, 100]",2,1,0.2,100,10,2,no,4,1,5000,assessment,1,6,2022-08-30-14-50-40
"[12, 21]","[[3, 0, 4, 3, 1, 2, 4, 0, 0, 3, 3, 2, 2, 4, 1], [1, 1, 1, 0, 0, 4, 2, 1, 0, 3, 1, 4, 0, 1, 0]]","[[12, 12, 12, 12, 12, 12, 12, 12, 12, 12, 12, 12, 13, 13, 13], [19, 19, 19, 19, 20, 20, 20, 20, 20, 20, 20, 20, 20, 21, 21]]","[[12, 11, 10, 12, 12, 10, 12, 11, 12, 14, 12, 15, 13, 7, 11, 12, 11, 10, 12, 12, 10, 12, 11, 12, 11, 12, 15, 13, 7, 11, 6, 6, 6, 6, 6, 6, 6, 6, 6, 6, 9, 9, 9, 9, 9], [19, 16, 19, 18, 19, 19, 21, 19, 19, 16, 19, 20, 25, 16, 22, 20, 16, 19, 18, 19, 19, 21, 19, 19, 16, 19, 20, 25, 16, 22, 20, 17, 20, 19, 20, 19, 21, 19, 19, 14, 19, 20, 23, 16, 22]]","[[2, 4, 6], [2, 3, 4]]","[99, 100]",1,Safety,-526.6345,"[[12.0, 13.0, 7.0], [19.0, 20.0, 20.0]]",-57.4916,"[[10.0, 11.0, 0.0], [10.0, 10.0, 10.0]]","[[0.0, 0.0, 6.0], [0.0, 0.0, 0.0]]","[[10.0, 12.0, 7.0], [18.0, 20.0, 20.0]]","[[[8.0, 14.0, 7.0], [12.0, 11.0, 7.0], [0.0, 9.0, 7.0], [0.0, 13.0, 7.0], [0.0, 0.0, 7.0], [0.0, 0.0, 7.0], [0.0, 0.0, 0.0], [0.0, 0.0, 0.0], [0.0, 0.0, 0.0], [0.0, 0.0, 0.0], [0.0, 0.0, 0.0], [0.0, 0.0, 0.0], [0.0, 0.0, 0.0], [0.0, 0.0, 0.0], [0.0, 0.0, 0.0], [0.0, 0.0, 0.0], [0.0, 0.0, 0.0], [0.0, 0.0, 0.0], [0.0, 0.0, 0.0], [0.0, 0.0, 0.0], [0.0, 0.0, 0.0], [0.0, 0.0, 0.0], [0.0, 0.0, 0.0], [0.0, 0.0, 0.0], [0.0, 0.0, 0.0], [0.0, 0.0, 0.0], [0.0, 0.0, 0.0], [0.0, 0.0, 0.0], [0.0, 0.0, 0.0], [0.0, 0.0, 0.0]], [[18.0, 18.0, 21.0], [19.0, 19.0, 19.0], [0.0, 20.0, 19.0], [0.0, 0.0, 20.0], [0.0, 0.0, 0.0], [0.0, 0.0, 0.0], [0.0, 0.0, 0.0], [0.0, 0.0, 0.0], [0.0, 0.0, 0.0], [0.0, 0.0, 0.0], [0.0, 0.0, 0.0], [0.0, 0.0, 0.0], [0.0, 0.0, 0.0], [0.0, 0.0, 0.0], [0.0, 0.0, 0.0], [0.0, 0.0, 0.0], [0.0, 0.0, 0.0], [0.0, 0.0, 0.0], [0.0, 0.0, 0.0], [0.0, 0.0, 0.0], [0.0, 0.0, 0.0], [0.0, 0.0, 0.0], [0.0, 0.0, 0.0], [0.0, 0.0, 0.0], [0.0, 0.0, 0.0], [0.0, 0.0, 0.0], [0.0, 0.0, 0.0], [0.0, 0.0, 0.0], [0.0, 0.0, 0.0], [0.0, 0.0, 0.0]]]","[[12, 12, 13], [20, 19, 20]]","[[0.1688, 0.1266, 0.0844], [0.1676, 0.1257, 0.0838]]","[5000, 5000, 5000]",5,"[20.0, 21.0, 10.0]","[116.0, 117.0, 106.0]",1,Safety,"[6.0, 7.0]","[6.0, 5.0]","[7.0, 5.0]","[[6.0, 6.0, 7.0], [7.0, 5.0, 5.0]]",5,5,20,5,0.02,3,0.05,1,1,10,"[33, 40, 100]",2,1,0.2,100,10,2,no,4,1,5000,assessment,1,7,2022-08-30-14-50-43
"[17, 24]","[[3, 2, 2, 4, 1, 0, 1, 1, 2, 3, 1, 0, 4, 0, 1], [1, 4, 0, 1, 0, 2, 4, 0, 2, 4, 2, 0, 3, 3, 1]]","[[12, 12, 13, 13, 13, 13, 13, 13, 13, 13, 14, 14, 14, 14, 14], [20, 20, 20, 21, 21, 21, 21, 21, 21, 22, 22, 22, 22, 22, 22]]","[[12, 8, 10, 13, 12, 12, 12, 12, 12, 12, 12, 11, 10, 12, 12, 13, 9, 11, 14, 12, 12, 12, 12, 12, 13, 12, 11, 10, 12, 12, 7, 7, 7, 7, 7, 7, 7, 7, 7, 7, 6, 6, 6, 6, 6], [19, 18, 18, 20, 19, 18, 20, 18, 21, 20, 19, 16, 19, 18, 19, 20, 19, 18, 20, 19, 18, 20, 18, 22, 18, 20, 16, 19, 18, 19, 20, 19, 19, 21, 20, 19, 20, 18, 22, 18, 20, 17, 20, 19, 20]]","[[2, 4, 6], [2, 3, 4]]","[99, 100]",1,Safety,-698.1732,"[[14.0, 15.0, 5.0], [22.0, 22.0, 23.0]]",-88.27009999999999,"[[9.0, 5.0, 0.0], [5.0, 5.0, 3.0]]","[[0.0, 0.0, 10.0], [0.0, 0.0, 0.0]]","[[13.0, 16.0, 5.0], [22.0, 22.0, 20.0]]","[[[15.0, 14.0, 5.0], [14.0, 14.0, 5.0], [0.0, 15.0, 5.0], [0.0, 15.0, 5.0], [0.0, 0.0, 5.0], [0.0, 0.0, 5.0], [0.0, 0.0, 0.0], [0.0, 0.0, 0.0], [0.0, 0.0, 0.0], [0.0, 0.0, 0.0], [0.0, 0.0, 0.0], [0.0, 0.0, 0.0], [0.0, 0.0, 0.0], [0.0, 0.0, 0.0], [0.0, 0.0, 0.0], [0.0, 0.0, 0.0], [0.0, 0.0, 0.0], [0.0, 0.0, 0.0], [0.0, 0.0, 0.0], [0.0, 0.0, 0.0], [0.0, 0.0, 0.0], [0.0, 0.0, 0.0], [0.0, 0.0, 0.0], [0.0, 0.0, 0.0], [0.0, 0.0, 0.0], [0.0, 0.0, 0.0], [0.0, 0.0, 0.0], [0.0, 0.0, 0.0], [0.0, 0.0, 0.0], [0.0, 0.0, 0.0]], [[23.0, 22.0, 23.0], [22.0, 23.0, 23.0], [0.0, 22.0, 24.0], [0.0, 0.0, 23.0], [0.0, 0.0, 0.0], [0.0, 0.0, 0.0], [0.0, 0.0, 0.0], [0.0, 0.0, 0.0], [0.0, 0.0, 0.0], [0.0, 0.0, 0.0], [0.0, 0.0, 0.0], [0.0, 0.0, 0.0], [0.0, 0.0, 0.0], [0.0, 0.0, 0.0], [0.0, 0.0, 0.0], [0.0, 0.0, 0.0], [0.0, 0.0, 0.0], [0.0, 0.0, 0.0], [0.0, 0.0, 0.0], [0.0, 0.0, 0.0], [0.0, 0.0, 0.0], [0.0, 0.0, 0.0], [0.0, 0.0, 0.0], [0.0, 0.0, 0.0], [0.0, 0.0, 0.0], [0.0, 0.0, 0.0], [0.0, 0.0, 0.0], [0.0, 0.0, 0.0], [0.0, 0.0, 0.0], [0.0, 0.0, 0.0]]]","[[10, 14, 15], [23, 22, 22]]","[[0.1688, 0.1266, 0.0844], [0.1676, 0.1257, 0.0838]]","[5000, 5000, 5000]",5,"[14.0, 10.0, 3.0]","[120.0, 116.0, 109.0]",1,Safety,"[7.0, 7.0]","[6.0, 6.0]","[5.0, 4.0]","[[7.0, 6.0, 5.0], [7.0, 6.0, 4.0]]",5,5,20,5,0.02,3,0.05,1,1,10,"[33, 40, 100]",2,1,0.2,100,10,2,no,4,1,5000,assessment,1,8,2022-08-30-14-50-45
"[14, 20]","[[1, 0, 4, 0, 1, 0, 2, 1, 3, 1, 0, 1, 0, 4, 3], [2, 0, 3, 3, 1, 0, 4, 1, 1, 0, 1, 2, 4, 2, 3]]","[[14, 14, 14, 14, 14, 15, 15, 15, 15, 15, 15, 16, 16, 16, 16], [22, 22, 22, 22, 22, 23, 23, 23, 23, 23, 24, 24, 24, 24, 24]]","[[14, 15, 13, 13, 15, 10, 10, 13, 18, 14, 12, 8, 10, 13, 12, 15, 15, 14, 14, 16, 11, 10, 13, 18, 14, 13, 9, 11, 14, 12, 5, 5, 5, 5, 5, 5, 5, 5, 5, 5, 7, 7, 7, 7, 7], [22, 23, 22, 21, 19, 20, 20, 22, 25, 20, 19, 18, 18, 20, 19, 22, 23, 22, 22, 20, 21, 20, 22, 25, 22, 20, 19, 18, 20, 19, 23, 24, 23, 23, 20, 21, 22, 22, 26, 22, 20, 19, 19, 21, 20]]","[[2, 4, 6], [2, 3, 4]]","[99, 100]",1,Safety,-787.9422999999998,"[[16.0, 16.0, 7.0], [23.0, 23.0, 24.0]]",-82.6377,"[[10.0, 4.0, 0.0], [11.0, 11.0, 15.0]]","[[0.0, 0.0, 9.0], [0.0, 0.0, 0.0]]","[[15.0, 16.0, 7.0], [23.0, 24.0, 25.0]]","[[[14.0, 17.0, 7.0], [16.0, 16.0, 7.0], [0.0, 15.0, 7.0], [0.0, 16.0, 7.0], [0.0, 0.0, 7.0], [0.0, 0.0, 7.0], [0.0, 0.0, 0.0], [0.0, 0.0, 0.0], [0.0, 0.0, 0.0], [0.0, 0.0, 0.0], [0.0, 0.0, 0.0], [0.0, 0.0, 0.0], [0.0, 0.0, 0.0], [0.0, 0.0, 0.0], [0.0, 0.0, 0.0], [0.0, 0.0, 0.0], [0.0, 0.0, 0.0], [0.0, 0.0, 0.0], [0.0, 0.0, 0.0], [0.0, 0.0, 0.0], [0.0, 0.0, 0.0], [0.0, 0.0, 0.0], [0.0, 0.0, 0.0], [0.0, 0.0, 0.0], [0.0, 0.0, 0.0], [0.0, 0.0, 0.0], [0.0, 0.0, 0.0], [0.0, 0.0, 0.0], [0.0, 0.0, 0.0], [0.0, 0.0, 0.0]], [[19.0, 24.0, 24.0], [23.0, 19.0, 25.0], [0.0, 23.0, 20.0], [0.0, 0.0, 24.0], [0.0, 0.0, 0.0], [0.0, 0.0, 0.0], [0.0, 0.0, 0.0], [0.0, 0.0, 0.0], [0.0, 0.0, 0.0], [0.0, 0.0, 0.0], [0.0, 0.0, 0.0], [0.0, 0.0, 0.0], [0.0, 0.0, 0.0], [0.0, 0.0, 0.0], [0.0, 0.0, 0.0], [0.0, 0.0, 0.0], [0.0, 0.0, 0.0], [0.0, 0.0, 0.0], [0.0, 0.0, 0.0], [0.0, 0.0, 0.0], [0.0, 0.0, 0.0], [0.0, 0.0, 0.0], [0.0, 0.0, 0.0], [0.0, 0.0, 0.0], [0.0, 0.0, 0.0], [0.0, 0.0, 0.0], [0.0, 0.0, 0.0], [0.0, 0.0, 0.0], [0.0, 0.0, 0.0], [0.0, 0.0, 0.0]]]","[[11, 16, 16], [25, 23, 23]]","[[0.1688, 0.1266, 0.0844], [0.1676, 0.1257, 0.0838]]","[5000, 5000, 5000]",5,"[21.0, 15.0, 15.0]","[135.0, 129.0, 129.0]",1,Safety,"[5.0, 7.0]","[4.0, 5.0]","[7.0, 9.0]","[[5.0, 4.0, 7.0], [7.0, 5.0, 9.0]]",5,5,20,5,0.02,3,0.05,1,1,10,"[33, 40, 100]",2,1,0.2,100,10,2,no,4,1,5000,assessment,1,9,2022-08-30-14-50-46
"[14, 23]","[[0, 1, 0, 4, 3, 0, 4, 2, 3, 1, 1, 0, 0, 2, 3], [1, 2, 4, 2, 3, 4, 0, 0, 4, 3, 3, 3, 0, 4, 3]]","[[15, 16, 16, 16, 16, 16, 17, 17, 17, 17, 17, 17, 18, 18, 18], [24, 24, 24, 24, 24, 24, 25, 25, 25, 25, 25, 25, 26, 26, 26]]","[[16, 14, 15, 16, 15, 13, 15, 13, 14, 9, 14, 15, 13, 13, 15, 16, 15, 16, 17, 16, 13, 15, 14, 15, 8, 15, 15, 14, 14, 16, 7, 7, 7, 7, 7, 7, 7, 7, 7, 7, 5, 5, 5, 5, 5], [23, 19, 23, 23, 24, 20, 23, 23, 20, 23, 22, 23, 22, 21, 19, 23, 19, 24, 24, 25, 20, 23, 24, 21, 23, 22, 23, 22, 22, 20, 24, 20, 25, 24, 25, 21, 24, 25, 22, 28, 23, 24, 23, 23, 20]]","[[2, 4, 6], [2, 3, 4]]","[99, 100]",1,Safety,-886.7774,"[[17.0, 18.0, 6.0], [25.0, 26.0, 26.0]]",-106.3613,"[[5.0, 6.0, 0.0], [9.0, 11.0, 7.0]]","[[0.0, 0.0, 12.0], [0.0, 0.0, 0.0]]","[[16.0, 11.0, 6.0], [22.0, 28.0, 26.0]]","[[[21.0, 15.0, 6.0], [17.0, 17.0, 6.0], [0.0, 22.0, 6.0], [0.0, 18.0, 6.0], [0.0, 0.0, 6.0], [0.0, 0.0, 6.0], [0.0, 0.0, 0.0], [0.0, 0.0, 0.0], [0.0, 0.0, 0.0], [0.0, 0.0, 0.0], [0.0, 0.0, 0.0], [0.0, 0.0, 0.0], [0.0, 0.0, 0.0], [0.0, 0.0, 0.0], [0.0, 0.0, 0.0], [0.0, 0.0, 0.0], [0.0, 0.0, 0.0], [0.0, 0.0, 0.0], [0.0, 0.0, 0.0], [0.0, 0.0, 0.0], [0.0, 0.0, 0.0], [0.0, 0.0, 0.0], [0.0, 0.0, 0.0], [0.0, 0.0, 0.0], [0.0, 0.0, 0.0], [0.0, 0.0, 0.0], [0.0, 0.0, 0.0], [0.0, 0.0, 0.0], [0.0, 0.0, 0.0], [0.0, 0.0, 0.0]], [[25.0, 23.0, 28.0], [25.0, 26.0, 23.0], [0.0, 26.0, 26.0], [0.0, 0.0, 26.0], [0.0, 0.0, 0.0], [0.0, 0.0, 0.0], [0.0, 0.0, 0.0], [0.0, 0.0, 0.0], [0.0, 0.0, 0.0], [0.0, 0.0, 0.0], [0.0, 0.0, 0.0], [0.0, 0.0, 0.0], [0.0, 0.0, 0.0], [0.0, 0.0, 0.0], [0.0, 0.0, 0.0], [0.0, 0.0, 0.0], [0.0, 0.0, 0.0], [0.0, 0.0, 0.0], [0.0, 0.0, 0.0], [0.0, 0.0, 0.0], [0.0, 0.0, 0.0], [0.0, 0.0, 0.0], [0.0, 0.0, 0.0], [0.0, 0.0, 0.0], [0.0, 0.0, 0.0], [0.0, 0.0, 0.0], [0.0, 0.0, 0.0], [0.0, 0.0, 0.0], [0.0, 0.0, 0.0], [0.0, 0.0, 0.0]]]","[[13, 17, 18], [24, 25, 26]]","[[0.1688, 0.1266, 0.0844], [0.1676, 0.1257, 0.0838]]","[5000, 5000, 5000]",5,"[14.0, 17.0, 7.0]","[137.0, 140.0, 130.0]",1,Safety,"[5.0, 8.0]","[6.0, 8.0]","[6.0, 6.0]","[[5.0, 6.0, 6.0], [8.0, 8.0, 6.0]]",5,5,20,5,0.02,3,0.05,1,1,10,"[33, 40, 100]",2,1,0.2,100,10,2,no,4,1,5000,assessment,1,10,2022-08-30-14-50-48
"[17, 23]","[[1, 0, 0, 2, 3, 2, 1, 1, 4, 0, 3, 0, 3, 4, 0], [3, 3, 0, 4, 3, 0, 1, 0, 0, 2, 4, 1, 2, 0, 2]]","[[17, 17, 18, 18, 18, 18, 18, 18, 18, 19, 19, 19, 19, 19, 19], [25, 25, 26, 26, 26, 26, 26, 26, 26, 27, 27, 27, 27, 27, 27]]","[[17, 21, 16, 14, 11, 17, 16, 15, 15, 12, 16, 14, 15, 16, 15, 18, 22, 17, 15, 11, 17, 17, 16, 16, 15, 16, 15, 16, 17, 16, 6, 6, 6, 6, 6, 6, 6, 6, 6, 6, 7, 7, 7, 7, 7], [25, 25, 22, 28, 25, 26, 27, 24, 23, 27, 23, 19, 23, 23, 24, 26, 26, 23, 28, 25, 26, 28, 25, 24, 30, 23, 19, 24, 24, 25, 26, 26, 23, 28, 26, 27, 29, 25, 24, 28, 24, 20, 25, 24, 25]]","[[2, 4, 6], [2, 3, 4]]","[99, 100]",1,Safety,-1094.2874000000002,"[[20.0, 20.0, 8.0], [27.0, 27.0, 27.0]]",-104.13130000000001,"[[1.0, 1.0, 0.0], [8.0, 7.0, 4.0]]","[[0.0, 0.0, 12.0], [0.0, 0.0, 0.0]]","[[20.0, 21.0, 8.0], [27.0, 28.0, 15.0]]","[[[22.0, 20.0, 8.0], [20.0, 20.0, 8.0], [0.0, 21.0, 8.0], [0.0, 20.0, 8.0], [0.0, 0.0, 8.0], [0.0, 0.0, 8.0], [0.0, 0.0, 0.0], [0.0, 0.0, 0.0], [0.0, 0.0, 0.0], [0.0, 0.0, 0.0], [0.0, 0.0, 0.0], [0.0, 0.0, 0.0], [0.0, 0.0, 0.0], [0.0, 0.0, 0.0], [0.0, 0.0, 0.0], [0.0, 0.0, 0.0], [0.0, 0.0, 0.0], [0.0, 0.0, 0.0], [0.0, 0.0, 0.0], [0.0, 0.0, 0.0], [0.0, 0.0, 0.0], [0.0, 0.0, 0.0], [0.0, 0.0, 0.0], [0.0, 0.0, 0.0], [0.0, 0.0, 0.0], [0.0, 0.0, 0.0], [0.0, 0.0, 0.0], [0.0, 0.0, 0.0], [0.0, 0.0, 0.0], [0.0, 0.0, 0.0]], [[28.0, 27.0, 28.0], [27.0, 28.0, 27.0], [0.0, 27.0, 28.0], [0.0, 0.0, 27.0], [0.0, 0.0, 0.0], [0.0, 0.0, 0.0], [0.0, 0.0, 0.0], [0.0, 0.0, 0.0], [0.0, 0.0, 0.0], [0.0, 0.0, 0.0], [0.0, 0.0, 0.0], [0.0, 0.0, 0.0], [0.0, 0.0, 0.0], [0.0, 0.0, 0.0], [0.0, 0.0, 0.0], [0.0, 0.0, 0.0], [0.0, 0.0, 0.0], [0.0, 0.0, 0.0], [0.0, 0.0, 0.0], [0.0, 0.0, 0.0], [0.0, 0.0, 0.0], [0.0, 0.0, 0.0], [0.0, 0.0, 0.0], [0.0, 0.0, 0.0], [0.0, 0.0, 0.0], [0.0, 0.0, 0.0], [0.0, 0.0, 0.0], [0.0, 0.0, 0.0], [0.0, 0.0, 0.0], [0.0, 0.0, 0.0]]]","[[19, 20, 20], [26, 27, 27]]","[[0.1688, 0.1266, 0.0844], [0.1676, 0.1257, 0.0838]]","[5000, 5000, 5000]",5,"[9.0, 8.0, 4.0]","[148.0, 147.0, 143.0]",1,Safety,"[5.0, 8.0]","[6.0, 8.0]","[8.0, 6.0]","[[5.0, 6.0, 8.0], [8.0, 8.0, 6.0]]",5,5,20,5,0.02,3,0.05,1,1,10,"[33, 40, 100]",2,1,0.2,100,10,2,no,4,1,5000,assessment,1,11,2022-08-30-14-50-50
"[19, 27]","[[3, 0, 3, 4, 0, 0, 2, 3, 4, 1, 4, 3, 3, 4, 1], [4, 1, 2, 0, 2, 0, 2, 3, 4, 2, 2, 1, 1, 2, 3]]","[[19, 19, 19, 19, 19, 19, 19, 19, 20, 20, 20, 20, 20, 20, 20], [27, 27, 27, 27, 27, 27, 27, 27, 27, 27, 27, 27, 27, 27, 27]]","[[20, 22, 20, 19, 20, 18, 17, 18, 18, 14, 17, 21, 16, 14, 11, 20, 21, 20, 20, 21, 19, 18, 18, 18, 14, 18, 22, 17, 15, 11, 8, 8, 8, 8, 8, 8, 8, 8, 8, 8, 6, 6, 6, 6, 6], [27, 28, 27, 27, 14, 26, 25, 25, 24, 25, 25, 25, 22, 28, 25, 27, 28, 27, 28, 15, 27, 25, 25, 24, 25, 26, 26, 23, 28, 25, 27, 28, 27, 28, 15, 27, 26, 26, 25, 26, 26, 26, 23, 28, 26]]","[[2, 4, 6], [2, 3, 4]]","[99, 100]",1,Safety,-935.5869999999999,"[[21.0, 21.0, 10.0], [22.0, 22.0, 22.0]]",-97.33349999999999,"[[4.0, 6.0, 0.0], [6.0, 11.0, 8.0]]","[[0.0, 0.0, 11.0], [0.0, 0.0, 0.0]]","[[20.0, 21.0, 10.0], [27.0, 29.0, 27.0]]","[[[19.0, 20.0, 10.0], [21.0, 20.0, 10.0], [0.0, 19.0, 10.0], [0.0, 21.0, 10.0], [0.0, 0.0, 10.0], [0.0, 0.0, 10.0], [0.0, 0.0, 0.0], [0.0, 0.0, 0.0], [0.0, 0.0, 0.0], [0.0, 0.0, 0.0], [0.0, 0.0, 0.0], [0.0, 0.0, 0.0], [0.0, 0.0, 0.0], [0.0, 0.0, 0.0], [0.0, 0.0, 0.0], [0.0, 0.0, 0.0], [0.0, 0.0, 0.0], [0.0, 0.0, 0.0], [0.0, 0.0, 0.0], [0.0, 0.0, 0.0], [0.0, 0.0, 0.0], [0.0, 0.0, 0.0], [0.0, 0.0, 0.0], [0.0, 0.0, 0.0], [0.0, 0.0, 0.0], [0.0, 0.0, 0.0], [0.0, 0.0, 0.0], [0.0, 0.0, 0.0], [0.0, 0.0, 0.0], [0.0, 0.0, 0.0]], [[29.0, 27.0, 29.0], [22.0, 29.0, 27.0], [0.0, 22.0, 29.0], [0.0, 0.0, 22.0], [0.0, 0.0, 0.0], [0.0, 0.0, 0.0], [0.0, 0.0, 0.0], [0.0, 0.0, 0.0], [0.0, 0.0, 0.0], [0.0, 0.0, 0.0], [0.0, 0.0, 0.0], [0.0, 0.0, 0.0], [0.0, 0.0, 0.0], [0.0, 0.0, 0.0], [0.0, 0.0, 0.0], [0.0, 0.0, 0.0], [0.0, 0.0, 0.0], [0.0, 0.0, 0.0], [0.0, 0.0, 0.0], [0.0, 0.0, 0.0], [0.0, 0.0, 0.0], [0.0, 0.0, 0.0], [0.0, 0.0, 0.0], [0.0, 0.0, 0.0], [0.0, 0.0, 0.0], [0.0, 0.0, 0.0], [0.0, 0.0, 0.0], [0.0, 0.0, 0.0], [0.0, 0.0, 0.0], [0.0, 0.0, 0.0]]]","[[22, 21, 21], [30, 22, 22]]","[[0.1688, 0.1266, 0.0844], [0.1676, 0.1257, 0.0838]]","[5000, 5000, 5000]",5,"[10.0, 17.0, 8.0]","[148.0, 155.0, 146.0]",1,Safety,"[6.0, 6.0]","[6.0, 8.0]","[10.0, 7.0]","[[6.0, 6.0, 10.0], [6.0, 8.0, 7.0]]",5,5,20,5,0.02,3,0.05,1,1,10,"[33, 40, 100]",2,1,0.2,100,10,2,no,4,1,5000,assessment,1,12,2022-08-30-14-50-52
"[20, 28]","[[4, 3, 3, 4, 1, 2, 4, 1, 1, 3, 3, 1, 1, 2, 3], [2, 1, 1, 2, 3, 2, 2, 1, 1, 0, 0, 0, 0, 0, 0]]","[[20, 20, 20, 20, 20, 20, 20, 20, 20, 20, 20, 20, 20, 20, 20], [27, 27, 27, 27, 27, 27, 27, 27, 27, 27, 27, 27, 27, 27, 27]]","[[21, 19, 20, 20, 20, 16, 19, 15, 19, 20, 20, 22, 20, 19, 20, 21, 19, 20, 20, 21, 17, 20, 16, 19, 20, 20, 21, 20, 20, 21, 10, 10, 10, 10, 10, 10, 10, 10, 10, 10, 8, 8, 8, 8, 8], [22, 29, 27, 29, 27, 26, 25, 29, 27, 24, 27, 28, 27, 27, 14, 22, 29, 27, 29, 27, 26, 25, 29, 27, 24, 27, 28, 27, 28, 15, 22, 29, 27, 29, 27, 26, 25, 29, 27, 25, 27, 28, 27, 28, 15]]","[[2, 4, 6], [2, 3, 4]]","[99, 100]",1,Safety,-964.5276999999999,"[[21.0, 21.0, 7.0], [27.0, 27.0, 26.0]]",-124.51899999999999,"[[14.0, 17.0, 0.0], [5.0, 6.0, 3.0]]","[[0.0, 0.0, 14.0], [0.0, 0.0, 0.0]]","[[16.0, 16.0, 7.0], [28.0, 27.0, 26.0]]","[[[13.0, 20.0, 7.0], [21.0, 16.0, 7.0], [0.0, 13.0, 7.0], [0.0, 21.0, 7.0], [0.0, 0.0, 7.0], [0.0, 0.0, 7.0], [0.0, 0.0, 0.0], [0.0, 0.0, 0.0], [0.0, 0.0, 0.0], [0.0, 0.0, 0.0], [0.0, 0.0, 0.0], [0.0, 0.0, 0.0], [0.0, 0.0, 0.0], [0.0, 0.0, 0.0], [0.0, 0.0, 0.0], [0.0, 0.0, 0.0], [0.0, 0.0, 0.0], [0.0, 0.0, 0.0], [0.0, 0.0, 0.0], [0.0, 0.0, 0.0], [0.0, 0.0, 0.0], [0.0, 0.0, 0.0], [0.0, 0.0, 0.0], [0.0, 0.0, 0.0], [0.0, 0.0, 0.0], [0.0, 0.0, 0.0], [0.0, 0.0, 0.0], [0.0, 0.0, 0.0], [0.0, 0.0, 0.0], [0.0, 0.0, 0.0]], [[27.0, 28.0, 27.0], [27.0, 27.0, 27.0], [0.0, 27.0, 26.0], [0.0, 0.0, 26.0], [0.0, 0.0, 0.0], [0.0, 0.0, 0.0], [0.0, 0.0, 0.0], [0.0, 0.0, 0.0], [0.0, 0.0, 0.0], [0.0, 0.0, 0.0], [0.0, 0.0, 0.0], [0.0, 0.0, 0.0], [0.0, 0.0, 0.0], [0.0, 0.0, 0.0], [0.0, 0.0, 0.0], [0.0, 0.0, 0.0], [0.0, 0.0, 0.0], [0.0, 0.0, 0.0], [0.0, 0.0, 0.0], [0.0, 0.0, 0.0], [0.0, 0.0, 0.0], [0.0, 0.0, 0.0], [0.0, 0.0, 0.0], [0.0, 0.0, 0.0], [0.0, 0.0, 0.0], [0.0, 0.0, 0.0], [0.0, 0.0, 0.0], [0.0, 0.0, 0.0], [0.0, 0.0, 0.0], [0.0, 0.0, 0.0]]]","[[20, 21, 21], [26, 27, 27]]","[[0.1688, 0.1266, 0.0844], [0.1676, 0.1257, 0.0838]]","[5000, 5000, 5000]",5,"[19.0, 23.0, 3.0]","[161.0, 165.0, 145.0]",1,Safety,"[8.0, 4.0]","[7.0, 7.0]","[7.0, 4.0]","[[8.0, 7.0, 7.0], [4.0, 7.0, 4.0]]",5,5,20,5,0.02,3,0.05,1,1,10,"[33, 40, 100]",2,1,0.2,100,10,2,no,4,1,5000,assessment,1,13,2022-08-30-14-50-53
"[22, 27]","[[3, 1, 1, 2, 3, 0, 4, 0, 1, 1, 2, 3, 3, 4, 3], [0, 0, 0, 0, 0, 3, 3, 1, 2, 1, 1, 0, 2, 0, 3]]","[[20, 20, 20, 20, 20, 20, 20, 20, 20, 20, 20, 20, 20, 20, 20], [27, 27, 27, 27, 27, 27, 26, 26, 26, 26, 26, 26, 26, 25, 25]]","[[21, 13, 16, 20, 16, 23, 16, 22, 20, 24, 21, 19, 20, 20, 20, 21, 13, 16, 20, 16, 23, 16, 21, 20, 25, 21, 19, 20, 20, 21, 7, 7, 7, 7, 7, 7, 7, 7, 7, 7, 10, 10, 10, 10, 10], [27, 27, 28, 27, 26, 27, 27, 29, 28, 28, 22, 29, 27, 29, 27, 27, 27, 28, 27, 26, 27, 27, 29, 28, 27, 22, 29, 27, 29, 27, 26, 26, 27, 27, 26, 27, 27, 29, 28, 24, 22, 29, 27, 29, 27]]","[[2, 4, 6], [2, 3, 4]]","[99, 100]",1,Safety,-1085.2519,"[[20.0, 20.0, 10.0], [26.0, 25.0, 24.0]]",-87.92949999999999,"[[6.0, 3.0, 0.0], [9.0, 3.0, 3.0]]","[[0.0, 0.0, 10.0], [0.0, 0.0, 0.0]]","[[20.0, 22.0, 10.0], [31.0, 26.0, 25.0]]","[[[23.0, 21.0, 10.0], [20.0, 20.0, 10.0], [0.0, 23.0, 10.0], [0.0, 20.0, 10.0], [0.0, 0.0, 10.0], [0.0, 0.0, 10.0], [0.0, 0.0, 0.0], [0.0, 0.0, 0.0], [0.0, 0.0, 0.0], [0.0, 0.0, 0.0], [0.0, 0.0, 0.0], [0.0, 0.0, 0.0], [0.0, 0.0, 0.0], [0.0, 0.0, 0.0], [0.0, 0.0, 0.0], [0.0, 0.0, 0.0], [0.0, 0.0, 0.0], [0.0, 0.0, 0.0], [0.0, 0.0, 0.0], [0.0, 0.0, 0.0], [0.0, 0.0, 0.0], [0.0, 0.0, 0.0], [0.0, 0.0, 0.0], [0.0, 0.0, 0.0], [0.0, 0.0, 0.0], [0.0, 0.0, 0.0], [0.0, 0.0, 0.0], [0.0, 0.0, 0.0], [0.0, 0.0, 0.0], [0.0, 0.0, 0.0]], [[23.0, 31.0, 25.0], [26.0, 22.0, 29.0], [0.0, 25.0, 22.0], [0.0, 0.0, 24.0], [0.0, 0.0, 0.0], [0.0, 0.0, 0.0], [0.0, 0.0, 0.0], [0.0, 0.0, 0.0], [0.0, 0.0, 0.0], [0.0, 0.0, 0.0], [0.0, 0.0, 0.0], [0.0, 0.0, 0.0], [0.0, 0.0, 0.0], [0.0, 0.0, 0.0], [0.0, 0.0, 0.0], [0.0, 0.0, 0.0], [0.0, 0.0, 0.0], [0.0, 0.0, 0.0], [0.0, 0.0, 0.0], [0.0, 0.0, 0.0], [0.0, 0.0, 0.0], [0.0, 0.0, 0.0], [0.0, 0.0, 0.0], [0.0, 0.0, 0.0], [0.0, 0.0, 0.0], [0.0, 0.0, 0.0], [0.0, 0.0, 0.0], [0.0, 0.0, 0.0], [0.0, 0.0, 0.0], [0.0, 0.0, 0.0]]]","[[19, 20, 20], [25, 26, 25]]","[[0.1688, 0.1266, 0.0844], [0.1676, 0.1257, 0.0838]]","[5000, 5000, 5000]",5,"[15.0, 6.0, 3.0]","[150.0, 141.0, 138.0]",1,Safety,"[8.0, 5.0]","[7.0, 5.0]","[10.0, 4.0]","[[8.0, 7.0, 10.0], [5.0, 5.0, 4.0]]",5,5,20,5,0.02,3,0.05,1,1,10,"[33, 40, 100]",2,1,0.2,100,10,2,no,4,1,5000,assessment,1,14,2022-08-30-14-50-55
"[19, 27]","[[2, 3, 3, 4, 3, 4, 3, 0, 1, 0, 3, 3, 3, 1, 4], [1, 0, 2, 0, 3, 0, 1, 1, 0, 3, 0, 4, 1, 4, 4]]","[[20, 20, 20, 20, 20, 20, 20, 20, 20, 20, 19, 19, 19, 19, 19], [26, 26, 26, 25, 25, 25, 25, 25, 24, 24, 24, 24, 24, 23, 23]]","[[20, 23, 20, 21, 22, 19, 20, 16, 22, 20, 21, 13, 16, 20, 16, 20, 23, 20, 21, 22, 19, 20, 16, 22, 20, 21, 13, 16, 20, 16, 10, 10, 10, 10, 10, 10, 10, 10, 10, 10, 7, 7, 7, 7, 7], [26, 23, 31, 26, 26, 26, 27, 27, 27, 27, 27, 27, 28, 27, 26, 25, 22, 31, 26, 26, 26, 26, 26, 26, 25, 27, 27, 28, 27, 26, 24, 22, 29, 25, 25, 25, 26, 26, 26, 24, 26, 26, 27, 27, 26]]","[[2, 4, 6], [2, 3, 4]]","[99, 100]",1,Safety,-945.2224999999999,"[[19.0, 19.0, 7.0], [25.0, 24.0, 23.0]]",-104.90169999999999,"[[13.0, 3.0, 0.0], [3.0, 1.0, 5.0]]","[[0.0, 0.0, 12.0], [0.0, 0.0, 0.0]]","[[21.0, 19.0, 7.0], [24.0, 25.0, 23.0]]","[[[15.0, 25.0, 7.0], [19.0, 19.0, 7.0], [0.0, 16.0, 7.0], [0.0, 19.0, 7.0], [0.0, 0.0, 7.0], [0.0, 0.0, 7.0], [0.0, 0.0, 0.0], [0.0, 0.0, 0.0], [0.0, 0.0, 0.0], [0.0, 0.0, 0.0], [0.0, 0.0, 0.0], [0.0, 0.0, 0.0], [0.0, 0.0, 0.0], [0.0, 0.0, 0.0], [0.0, 0.0, 0.0], [0.0, 0.0, 0.0], [0.0, 0.0, 0.0], [0.0, 0.0, 0.0], [0.0, 0.0, 0.0], [0.0, 0.0, 0.0], [0.0, 0.0, 0.0], [0.0, 0.0, 0.0], [0.0, 0.0, 0.0], [0.0, 0.0, 0.0], [0.0, 0.0, 0.0], [0.0, 0.0, 0.0], [0.0, 0.0, 0.0], [0.0, 0.0, 0.0], [0.0, 0.0, 0.0], [0.0, 0.0, 0.0]], [[26.0, 24.0, 24.0], [25.0, 25.0, 23.0], [0.0, 24.0, 24.0], [0.0, 0.0, 23.0], [0.0, 0.0, 0.0], [0.0, 0.0, 0.0], [0.0, 0.0, 0.0], [0.0, 0.0, 0.0], [0.0, 0.0, 0.0], [0.0, 0.0, 0.0], [0.0, 0.0, 0.0], [0.0, 0.0, 0.0], [0.0, 0.0, 0.0], [0.0, 0.0, 0.0], [0.0, 0.0, 0.0], [0.0, 0.0, 0.0], [0.0, 0.0, 0.0], [0.0, 0.0, 0.0], [0.0, 0.0, 0.0], [0.0, 0.0, 0.0], [0.0, 0.0, 0.0], [0.0, 0.0, 0.0], [0.0, 0.0, 0.0], [0.0, 0.0, 0.0], [0.0, 0.0, 0.0], [0.0, 0.0, 0.0], [0.0, 0.0, 0.0], [0.0, 0.0, 0.0], [0.0, 0.0, 0.0], [0.0, 0.0, 0.0]]]","[[18, 19, 19], [24, 25, 24]]","[[0.1688, 0.1266, 0.0844], [0.1676, 0.1257, 0.0838]]","[5000, 5000, 5000]",5,"[16.0, 4.0, 5.0]","[145.0, 133.0, 134.0]",1,Safety,"[7.0, 6.0]","[6.0, 4.0]","[7.0, 9.0]","[[7.0, 6.0, 7.0], [6.0, 4.0, 9.0]]",5,5,20,5,0.02,3,0.05,1,1,10,"[33, 40, 100]",2,1,0.2,100,10,2,no,4,1,5000,assessment,1,15,2022-08-30-14-50-56
"[20, 26]","[[3, 3, 3, 1, 4, 3, 0, 3, 3, 1, 3, 2, 2, 3, 4], [0, 4, 1, 4, 4, 4, 2, 2, 3, 3, 4, 0, 2, 0, 2]]","[[19, 19, 19, 19, 19, 19, 19, 19, 19, 19, 19, 19, 19, 19, 19], [24, 24, 24, 23, 23, 23, 23, 22, 22, 22, 22, 21, 21, 21, 21]]","[[19, 15, 21, 26, 20, 17, 20, 19, 19, 18, 20, 23, 20, 21, 22, 19, 16, 19, 25, 19, 16, 20, 19, 19, 17, 20, 23, 20, 21, 22, 7, 7, 7, 7, 7, 7, 7, 7, 7, 7, 10, 10, 10, 10, 10], [25, 26, 24, 25, 25, 23, 25, 25, 26, 26, 26, 23, 31, 26, 26, 24, 25, 24, 25, 24, 22, 24, 25, 26, 24, 25, 22, 31, 26, 26, 23, 24, 23, 24, 23, 21, 24, 24, 25, 28, 24, 22, 29, 25, 25]]","[[2, 4, 6], [2, 3, 4]]","[99, 100]",1,Safety,-1137.7026,"[[21.0, 21.0, 9.0], [18.0, 18.0, 17.0]]",-105.56219999999999,"[[4.0, 4.0, 0.0], [11.0, 6.0, 6.0]]","[[0.0, 0.0, 12.0], [0.0, 0.0, 0.0]]","[[24.0, 19.0, 9.0], [29.0, 19.0, 11.0]]","[[[19.0, 16.0, 9.0], [21.0, 24.0, 9.0], [0.0, 19.0, 9.0], [0.0, 21.0, 9.0], [0.0, 0.0, 9.0], [0.0, 0.0, 9.0], [0.0, 0.0, 0.0], [0.0, 0.0, 0.0], [0.0, 0.0, 0.0], [0.0, 0.0, 0.0], [0.0, 0.0, 0.0], [0.0, 0.0, 0.0], [0.0, 0.0, 0.0], [0.0, 0.0, 0.0], [0.0, 0.0, 0.0], [0.0, 0.0, 0.0], [0.0, 0.0, 0.0], [0.0, 0.0, 0.0], [0.0, 0.0, 0.0], [0.0, 0.0, 0.0], [0.0, 0.0, 0.0], [0.0, 0.0, 0.0], [0.0, 0.0, 0.0], [0.0, 0.0, 0.0], [0.0, 0.0, 0.0], [0.0, 0.0, 0.0], [0.0, 0.0, 0.0], [0.0, 0.0, 0.0], [0.0, 0.0, 0.0], [0.0, 0.0, 0.0]], [[20.0, 28.0, 19.0], [18.0, 19.0, 26.0], [0.0, 18.0, 19.0], [0.0, 0.0, 17.0], [0.0, 0.0, 0.0], [0.0, 0.0, 0.0], [0.0, 0.0, 0.0], [0.0, 0.0, 0.0], [0.0, 0.0, 0.0], [0.0, 0.0, 0.0], [0.0, 0.0, 0.0], [0.0, 0.0, 0.0], [0.0, 0.0, 0.0], [0.0, 0.0, 0.0], [0.0, 0.0, 0.0], [0.0, 0.0, 0.0], [0.0, 0.0, 0.0], [0.0, 0.0, 0.0], [0.0, 0.0, 0.0], [0.0, 0.0, 0.0], [0.0, 0.0, 0.0], [0.0, 0.0, 0.0], [0.0, 0.0, 0.0], [0.0, 0.0, 0.0], [0.0, 0.0, 0.0], [0.0, 0.0, 0.0], [0.0, 0.0, 0.0], [0.0, 0.0, 0.0], [0.0, 0.0, 0.0], [0.0, 0.0, 0.0]]]","[[20, 21, 21], [23, 18, 18]]","[[0.1688, 0.1266, 0.0844], [0.1676, 0.1257, 0.0838]]","[5000, 5000, 5000]",5,"[15.0, 10.0, 6.0]","[136.0, 131.0, 127.0]",1,Safety,"[7.0, 7.0]","[8.0, 8.0]","[9.0, 6.0]","[[7.0, 8.0, 9.0], [7.0, 8.0, 6.0]]",5,5,20,5,0.02,3,0.05,1,1,10,"[33, 40, 100]",2,1,0.2,100,10,2,no,4,1,5000,assessment,1,16,2022-08-30-14-50-58
"[19, 20]","[[3, 2, 2, 3, 4, 2, 2, 0, 3, 1, 3, 0, 3, 0, 3], [4, 0, 2, 0, 2, 1, 4, 0, 1, 2, 4, 0, 3, 2, 0]]","[[19, 19, 19, 19, 19, 19, 19, 19, 19, 19, 19, 19, 19, 19, 19], [22, 21, 21, 21, 21, 21, 20, 20, 20, 20, 19, 19, 19, 19, 19]]","[[21, 19, 24, 16, 19, 18, 19, 25, 20, 17, 19, 15, 21, 26, 20, 21, 19, 24, 16, 19, 18, 19, 25, 20, 19, 19, 16, 19, 25, 19, 9, 9, 9, 9, 9, 9, 9, 9, 9, 9, 7, 7, 7, 7, 7], [18, 20, 29, 20, 12, 23, 20, 23, 25, 25, 25, 26, 24, 25, 25, 18, 19, 28, 19, 12, 22, 19, 22, 25, 28, 24, 25, 24, 25, 24, 17, 19, 26, 19, 11, 21, 18, 21, 23, 24, 23, 24, 23, 24, 23]]","[[2, 4, 6], [2, 3, 4]]","[99, 100]",1,Safety,-1083.3905,"[[19.0, 19.0, 6.0], [19.0, 19.0, 18.0]]",-113.30009999999999,"[[8.0, 10.0, 0.0], [1.0, 3.0, 5.0]]","[[0.0, 0.0, 13.0], [0.0, 0.0, 0.0]]","[[19.0, 23.0, 6.0], [21.0, 18.0, 19.0]]","[[[16.0, 20.0, 6.0], [19.0, 19.0, 6.0], [0.0, 16.0, 6.0], [0.0, 19.0, 6.0], [0.0, 0.0, 6.0], [0.0, 0.0, 6.0], [0.0, 0.0, 0.0], [0.0, 0.0, 0.0], [0.0, 0.0, 0.0], [0.0, 0.0, 0.0], [0.0, 0.0, 0.0], [0.0, 0.0, 0.0], [0.0, 0.0, 0.0], [0.0, 0.0, 0.0], [0.0, 0.0, 0.0], [0.0, 0.0, 0.0], [0.0, 0.0, 0.0], [0.0, 0.0, 0.0], [0.0, 0.0, 0.0], [0.0, 0.0, 0.0], [0.0, 0.0, 0.0], [0.0, 0.0, 0.0], [0.0, 0.0, 0.0], [0.0, 0.0, 0.0], [0.0, 0.0, 0.0], [0.0, 0.0, 0.0], [0.0, 0.0, 0.0], [0.0, 0.0, 0.0], [0.0, 0.0, 0.0], [0.0, 0.0, 0.0]], [[23.0, 20.0, 17.0], [19.0, 23.0, 19.0], [0.0, 19.0, 22.0], [0.0, 0.0, 18.0], [0.0, 0.0, 0.0], [0.0, 0.0, 0.0], [0.0, 0.0, 0.0], [0.0, 0.0, 0.0], [0.0, 0.0, 0.0], [0.0, 0.0, 0.0], [0.0, 0.0, 0.0], [0.0, 0.0, 0.0], [0.0, 0.0, 0.0], [0.0, 0.0, 0.0], [0.0, 0.0, 0.0], [0.0, 0.0, 0.0], [0.0, 0.0, 0.0], [0.0, 0.0, 0.0], [0.0, 0.0, 0.0], [0.0, 0.0, 0.0], [0.0, 0.0, 0.0], [0.0, 0.0, 0.0], [0.0, 0.0, 0.0], [0.0, 0.0, 0.0], [0.0, 0.0, 0.0], [0.0, 0.0, 0.0], [0.0, 0.0, 0.0], [0.0, 0.0, 0.0], [0.0, 0.0, 0.0], [0.0, 0.0, 0.0]]]","[[19, 19, 19], [21, 19, 19]]","[[0.1688, 0.1266, 0.0844], [0.1676, 0.1257, 0.0838]]","[5000, 5000, 5000]",5,"[9.0, 13.0, 5.0]","[125.0, 129.0, 121.0]",1,Safety,"[5.0, 6.0]","[8.0, 8.0]","[6.0, 9.0]","[[5.0, 8.0, 6.0], [6.0, 8.0, 9.0]]",5,5,20,5,0.02,3,0.05,1,1,10,"[33, 40, 100]",2,1,0.2,100,10,2,no,4,1,5000,assessment,1,17,2022-08-30-14-51-00
"[18, 19]","[[3, 0, 3, 0, 3, 0, 2, 1, 3, 0, 2, 0, 3, 4, 1], [4, 0, 3, 2, 0, 0, 4, 2, 2, 0, 0, 4, 2, 4, 3]]","[[19, 19, 19, 19, 19, 19, 19, 19, 19, 19, 19, 19, 20, 20, 20], [19, 19, 19, 19, 19, 18, 18, 18, 18, 18, 18, 17, 17, 17, 17]]","[[19, 16, 19, 20, 23, 16, 22, 19, 19, 18, 21, 19, 24, 16, 19, 19, 16, 19, 20, 23, 16, 22, 19, 19, 18, 21, 19, 24, 16, 19, 6, 6, 6, 6, 6, 6, 6, 6, 6, 6, 9, 9, 9, 9, 9], [19, 23, 21, 19, 20, 21, 21, 17, 19, 21, 18, 20, 29, 20, 12, 19, 23, 20, 18, 19, 21, 20, 16, 18, 21, 18, 19, 28, 19, 12, 18, 22, 19, 17, 19, 20, 19, 15, 17, 23, 17, 19, 26, 19, 11]]","[[2, 4, 6], [2, 3, 4]]","[99, 100]",1,Safety,-1026.0052999999998,"[[18.0, 19.0, 10.0], [21.0, 21.0, 21.0]]",-79.5329,"[[5.0, 6.0, 0.0], [6.0, 3.0, 7.0]]","[[0.0, 0.0, 9.0], [0.0, 0.0, 0.0]]","[[19.0, 19.0, 10.0], [18.0, 18.0, 19.0]]","[[[21.0, 20.0, 10.0], [18.0, 20.0, 10.0], [0.0, 22.0, 10.0], [0.0, 19.0, 10.0], [0.0, 0.0, 10.0], [0.0, 0.0, 10.0], [0.0, 0.0, 0.0], [0.0, 0.0, 0.0], [0.0, 0.0, 0.0], [0.0, 0.0, 0.0], [0.0, 0.0, 0.0], [0.0, 0.0, 0.0], [0.0, 0.0, 0.0], [0.0, 0.0, 0.0], [0.0, 0.0, 0.0], [0.0, 0.0, 0.0], [0.0, 0.0, 0.0], [0.0, 0.0, 0.0], [0.0, 0.0, 0.0], [0.0, 0.0, 0.0], [0.0, 0.0, 0.0], [0.0, 0.0, 0.0], [0.0, 0.0, 0.0], [0.0, 0.0, 0.0], [0.0, 0.0, 0.0], [0.0, 0.0, 0.0], [0.0, 0.0, 0.0], [0.0, 0.0, 0.0], [0.0, 0.0, 0.0], [0.0, 0.0, 0.0]], [[16.0, 17.0, 18.0], [21.0, 15.0, 17.0], [0.0, 21.0, 15.0], [0.0, 0.0, 21.0], [0.0, 0.0, 0.0], [0.0, 0.0, 0.0], [0.0, 0.0, 0.0], [0.0, 0.0, 0.0], [0.0, 0.0, 0.0], [0.0, 0.0, 0.0], [0.0, 0.0, 0.0], [0.0, 0.0, 0.0], [0.0, 0.0, 0.0], [0.0, 0.0, 0.0], [0.0, 0.0, 0.0], [0.0, 0.0, 0.0], [0.0, 0.0, 0.0], [0.0, 0.0, 0.0], [0.0, 0.0, 0.0], [0.0, 0.0, 0.0], [0.0, 0.0, 0.0], [0.0, 0.0, 0.0], [0.0, 0.0, 0.0], [0.0, 0.0, 0.0], [0.0, 0.0, 0.0], [0.0, 0.0, 0.0], [0.0, 0.0, 0.0], [0.0, 0.0, 0.0], [0.0, 0.0, 0.0], [0.0, 0.0, 0.0]]]","[[19, 18, 19], [16, 21, 21]]","[[0.1688, 0.1266, 0.0844], [0.1676, 0.1257, 0.0838]]","[5000, 5000, 5000]",5,"[11.0, 9.0, 7.0]","[125.0, 123.0, 121.0]",1,Safety,"[6.0, 6.0]","[7.0, 5.0]","[10.0, 10.0]","[[6.0, 7.0, 10.0], [6.0, 5.0, 10.0]]",5,5,20,5,0.02,3,0.05,1,1,10,"[33, 40, 100]",2,1,0.2,100,10,2,no,4,1,5000,assessment,1,18,2022-08-30-14-51-02
"[19, 18]","[[2, 0, 3, 4, 1, 0, 2, 1, 4, 2, 4, 3, 0, 2, 0], [0, 4, 2, 4, 3, 3, 2, 2, 0, 4, 3, 3, 2, 4, 1]]","[[19, 19, 20, 20, 20, 20, 20, 20, 20, 20, 20, 21, 21, 21, 21], [18, 17, 17, 17, 17, 17, 17, 17, 17, 16, 16, 16, 16, 16, 16]]","[[18, 21, 19, 19, 19, 17, 19, 20, 18, 20, 19, 16, 19, 20, 23, 19, 22, 20, 20, 19, 17, 19, 20, 18, 19, 19, 16, 19, 20, 23, 10, 10, 10, 10, 10, 10, 10, 10, 10, 10, 6, 6, 6, 6, 6], [21, 16, 18, 19, 20, 19, 18, 20, 19, 20, 19, 23, 21, 19, 20, 21, 15, 17, 18, 20, 19, 18, 19, 18, 16, 19, 23, 20, 18, 19, 21, 15, 17, 18, 19, 18, 17, 18, 18, 17, 18, 22, 19, 17, 19]]","[[2, 4, 6], [2, 3, 4]]","[99, 100]",1,Safety,-1026.3745,"[[23.0, 23.0, 8.0], [18.0, 18.0, 17.0]]",-144.119,"[[4.0, 0.0, 0.0], [0.0, 0.0, 1.0]]","[[0.0, 0.0, 15.0], [1.0, 0.0, 0.0]]","[[20.0, 15.0, 8.0], [16.0, 14.0, 11.0]]","[[[22.0, 23.0, 8.0], [23.0, 21.0, 8.0], [0.0, 23.0, 8.0], [0.0, 23.0, 8.0], [0.0, 0.0, 8.0], [0.0, 0.0, 8.0], [0.0, 0.0, 0.0], [0.0, 0.0, 0.0], [0.0, 0.0, 0.0], [0.0, 0.0, 0.0], [0.0, 0.0, 0.0], [0.0, 0.0, 0.0], [0.0, 0.0, 0.0], [0.0, 0.0, 0.0], [0.0, 0.0, 0.0], [0.0, 0.0, 0.0], [0.0, 0.0, 0.0], [0.0, 0.0, 0.0], [0.0, 0.0, 0.0], [0.0, 0.0, 0.0], [0.0, 0.0, 0.0], [0.0, 0.0, 0.0], [0.0, 0.0, 0.0], [0.0, 0.0, 0.0], [0.0, 0.0, 0.0], [0.0, 0.0, 0.0], [0.0, 0.0, 0.0], [0.0, 0.0, 0.0], [0.0, 0.0, 0.0], [0.0, 0.0, 0.0]], [[21.0, 16.0, 14.0], [18.0, 21.0, 16.0], [0.0, 18.0, 21.0], [0.0, 0.0, 17.0], [0.0, 0.0, 0.0], [0.0, 0.0, 0.0], [0.0, 0.0, 0.0], [0.0, 0.0, 0.0], [0.0, 0.0, 0.0], [0.0, 0.0, 0.0], [0.0, 0.0, 0.0], [0.0, 0.0, 0.0], [0.0, 0.0, 0.0], [0.0, 0.0, 0.0], [0.0, 0.0, 0.0], [0.0, 0.0, 0.0], [0.0, 0.0, 0.0], [0.0, 0.0, 0.0], [0.0, 0.0, 0.0], [0.0, 0.0, 0.0], [0.0, 0.0, 0.0], [0.0, 0.0, 0.0], [0.0, 0.0, 0.0], [0.0, 0.0, 0.0], [0.0, 0.0, 0.0], [0.0, 0.0, 0.0], [0.0, 0.0, 0.0], [0.0, 0.0, 0.0], [0.0, 0.0, 0.0], [0.0, 0.0, 0.0]]]","[[18, 23, 23], [17, 18, 18]]","[[0.1688, 0.1266, 0.0844], [0.1676, 0.1257, 0.0838]]","[5000, 5000, 5000]",5,"[4.0, 0.0, 1.0]","[121.0, 117.0, 118.0]",1,Safety,"[6.0, 7.0]","[6.0, 7.0]","[8.0, 6.0]","[[6.0, 6.0, 8.0], [7.0, 7.0, 6.0]]",5,5,20,5,0.02,3,0.05,1,1,10,"[33, 40, 100]",2,1,0.2,100,10,2,no,4,1,5000,assessment,1,19,2022-08-30-14-51-04
"[21, 17]","[[4, 3, 0, 2, 0, 1, 3, 3, 1, 1, 0, 2, 4, 0, 1], [3, 3, 2, 4, 1, 0, 2, 2, 2, 1, 2, 3, 2, 1, 1]]","[[20, 21, 21, 21, 21, 21, 21, 22, 22, 22, 22, 22, 22, 23, 23], [16, 16, 16, 16, 16, 16, 16, 16, 16, 16, 16, 16, 16, 16, 16]]","[[23, 22, 20, 22, 14, 17, 19, 24, 20, 20, 18, 21, 19, 19, 19, 23, 23, 21, 23, 15, 17, 19, 24, 20, 19, 19, 22, 20, 20, 19, 8, 8, 8, 8, 8, 8, 8, 8, 8, 8, 10, 10, 10, 10, 10], [18, 21, 16, 15, 12, 17, 23, 18, 17, 16, 21, 16, 18, 19, 20, 18, 21, 16, 14, 11, 16, 23, 18, 17, 18, 21, 15, 17, 18, 20, 17, 21, 16, 14, 11, 16, 21, 17, 16, 13, 21, 15, 17, 18, 19]]","[[2, 4, 6], [2, 3, 4]]","[99, 100]",1,Safety,-1487.6470999999997,"[[22.0, 23.0, 5.0], [14.0, 14.0, 14.0]]",-168.1427,"[[1.0, 0.0, 0.0], [11.0, 7.0, 8.0]]","[[0.0, 1.0, 18.0], [0.0, 0.0, 0.0]]","[[23.0, 21.0, 5.0], [16.0, 16.0, 16.0]]","[[[27.0, 22.0, 5.0], [22.0, 24.0, 5.0], [0.0, 27.0, 5.0], [0.0, 23.0, 5.0], [0.0, 0.0, 5.0], [0.0, 0.0, 5.0], [0.0, 0.0, 0.0], [0.0, 0.0, 0.0], [0.0, 0.0, 0.0], [0.0, 0.0, 0.0], [0.0, 0.0, 0.0], [0.0, 0.0, 0.0], [0.0, 0.0, 0.0], [0.0, 0.0, 0.0], [0.0, 0.0, 0.0], [0.0, 0.0, 0.0], [0.0, 0.0, 0.0], [0.0, 0.0, 0.0], [0.0, 0.0, 0.0], [0.0, 0.0, 0.0], [0.0, 0.0, 0.0], [0.0, 0.0, 0.0], [0.0, 0.0, 0.0], [0.0, 0.0, 0.0], [0.0, 0.0, 0.0], [0.0, 0.0, 0.0], [0.0, 0.0, 0.0], [0.0, 0.0, 0.0], [0.0, 0.0, 0.0], [0.0, 0.0, 0.0]], [[17.0, 16.0, 16.0], [14.0, 17.0, 16.0], [0.0, 14.0, 17.0], [0.0, 0.0, 14.0], [0.0, 0.0, 0.0], [0.0, 0.0, 0.0], [0.0, 0.0, 0.0], [0.0, 0.0, 0.0], [0.0, 0.0, 0.0], [0.0, 0.0, 0.0], [0.0, 0.0, 0.0], [0.0, 0.0, 0.0], [0.0, 0.0, 0.0], [0.0, 0.0, 0.0], [0.0, 0.0, 0.0], [0.0, 0.0, 0.0], [0.0, 0.0, 0.0], [0.0, 0.0, 0.0], [0.0, 0.0, 0.0], [0.0, 0.0, 0.0], [0.0, 0.0, 0.0], [0.0, 0.0, 0.0], [0.0, 0.0, 0.0], [0.0, 0.0, 0.0], [0.0, 0.0, 0.0], [0.0, 0.0, 0.0], [0.0, 0.0, 0.0], [0.0, 0.0, 0.0], [0.0, 0.0, 0.0], [0.0, 0.0, 0.0]]]","[[22, 22, 23], [12, 14, 14]]","[[0.1688, 0.1266, 0.0844], [0.1676, 0.1257, 0.0838]]","[5000, 5000, 5000]",5,"[12.0, 7.0, 8.0]","[119.0, 114.0, 115.0]",1,Safety,"[6.0, 6.0]","[5.0, 6.0]","[5.0, 7.0]","[[6.0, 5.0, 5.0], [6.0, 6.0, 7.0]]",5,5,20,5,0.02,3,0.05,1,1,10,"[33, 40, 100]",2,1,0.2,100,10,2,no,4,1,5000,assessment,1,20,2022-08-30-14-51-06
"[22, 16]","[[0, 2, 4, 0, 1, 2, 1, 0, 3, 3, 0, 1, 1, 0, 1], [2, 3, 2, 1, 1, 4, 0, 2, 2, 2, 4, 3, 0, 0, 0]]","[[22, 22, 22, 23, 23, 23, 23, 23, 24, 24, 24, 24, 24, 24, 25], [16, 16, 16, 16, 16, 16, 16, 16, 16, 16, 16, 16, 16, 16, 16]]","[[22, 27, 23, 22, 21, 21, 20, 22, 22, 19, 23, 22, 20, 22, 14, 23, 27, 24, 22, 21, 22, 21, 23, 23, 18, 23, 23, 21, 23, 15, 5, 5, 5, 5, 5, 5, 5, 5, 5, 5, 8, 8, 8, 8, 8], [14, 17, 16, 16, 16, 14, 15, 14, 17, 15, 18, 21, 16, 15, 12, 14, 17, 16, 16, 16, 14, 15, 14, 17, 14, 18, 21, 16, 14, 11, 14, 17, 16, 16, 16, 14, 15, 14, 17, 16, 17, 21, 16, 14, 11]]","[[2, 4, 6], [2, 3, 4]]","[99, 100]",1,Safety,-1605.9832999999999,"[[23.0, 24.0, 6.0], [13.0, 13.0, 14.0]]",-155.69729999999998,"[[3.0, 3.0, 0.0], [12.0, 5.0, 3.0]]","[[0.0, 0.0, 18.0], [0.0, 0.0, 0.0]]","[[27.0, 24.0, 6.0], [22.0, 15.0, 16.0]]","[[[24.0, 23.0, 6.0], [23.0, 27.0, 6.0], [0.0, 25.0, 6.0], [0.0, 24.0, 6.0], [0.0, 0.0, 6.0], [0.0, 0.0, 6.0], [0.0, 0.0, 0.0], [0.0, 0.0, 0.0], [0.0, 0.0, 0.0], [0.0, 0.0, 0.0], [0.0, 0.0, 0.0], [0.0, 0.0, 0.0], [0.0, 0.0, 0.0], [0.0, 0.0, 0.0], [0.0, 0.0, 0.0], [0.0, 0.0, 0.0], [0.0, 0.0, 0.0], [0.0, 0.0, 0.0], [0.0, 0.0, 0.0], [0.0, 0.0, 0.0], [0.0, 0.0, 0.0], [0.0, 0.0, 0.0], [0.0, 0.0, 0.0], [0.0, 0.0, 0.0], [0.0, 0.0, 0.0], [0.0, 0.0, 0.0], [0.0, 0.0, 0.0], [0.0, 0.0, 0.0], [0.0, 0.0, 0.0], [0.0, 0.0, 0.0]], [[16.0, 22.0, 15.0], [13.0, 16.0, 20.0], [0.0, 13.0, 16.0], [0.0, 0.0, 14.0], [0.0, 0.0, 0.0], [0.0, 0.0, 0.0], [0.0, 0.0, 0.0], [0.0, 0.0, 0.0], [0.0, 0.0, 0.0], [0.0, 0.0, 0.0], [0.0, 0.0, 0.0], [0.0, 0.0, 0.0], [0.0, 0.0, 0.0], [0.0, 0.0, 0.0], [0.0, 0.0, 0.0], [0.0, 0.0, 0.0], [0.0, 0.0, 0.0], [0.0, 0.0, 0.0], [0.0, 0.0, 0.0], [0.0, 0.0, 0.0], [0.0, 0.0, 0.0], [0.0, 0.0, 0.0], [0.0, 0.0, 0.0], [0.0, 0.0, 0.0], [0.0, 0.0, 0.0], [0.0, 0.0, 0.0], [0.0, 0.0, 0.0], [0.0, 0.0, 0.0], [0.0, 0.0, 0.0], [0.0, 0.0, 0.0]]]","[[27, 23, 24], [14, 13, 13]]","[[0.1688, 0.1266, 0.0844], [0.1676, 0.1257, 0.0838]]","[5000, 5000, 5000]",5,"[15.0, 8.0, 3.0]","[129.0, 122.0, 117.0]",1,Safety,"[5.0, 7.0]","[4.0, 8.0]","[6.0, 4.0]","[[5.0, 4.0, 6.0], [7.0, 8.0, 4.0]]",5,5,20,5,0.02,3,0.05,1,1,10,"[33, 40, 100]",2,1,0.2,100,10,2,no,4,1,5000,assessment,1,21,2022-08-30-14-51-08
"[24, 19]","[[0, 1, 1, 0, 1, 0, 4, 1, 2, 2, 4, 3, 2, 4, 0], [4, 3, 0, 0, 0, 2, 1, 2, 3, 0, 4, 1, 3, 0, 3]]","[[24, 24, 24, 24, 25, 25, 25, 25, 25, 25, 26, 26, 26, 26, 26], [16, 16, 16, 16, 16, 16, 16, 16, 16, 17, 17, 17, 17, 17, 17]]","[[23, 24, 27, 23, 23, 25, 21, 23, 23, 21, 22, 27, 23, 22, 21, 24, 25, 27, 23, 24, 26, 22, 24, 23, 21, 23, 27, 24, 22, 21, 6, 6, 6, 6, 6, 6, 6, 6, 6, 6, 5, 5, 5, 5, 5], [13, 16, 22, 15, 16, 14, 21, 14, 16, 13, 14, 17, 16, 16, 16, 13, 16, 22, 15, 16, 14, 21, 14, 16, 15, 14, 17, 16, 16, 16, 14, 16, 20, 15, 16, 15, 20, 14, 16, 12, 14, 17, 16, 16, 16]]","[[2, 4, 6], [2, 3, 4]]","[99, 100]",1,Safety,-1677.1344,"[[28.0, 28.0, 9.0], [21.0, 20.0, 19.0]]",-182.52779999999996,"[[0.0, 3.0, 0.0], [5.0, 0.0, 0.0]]","[[0.0, 0.0, 19.0], [0.0, 1.0, 1.0]]","[[25.0, 25.0, 9.0], [20.0, 17.0, 17.0]]","[[[27.0, 25.0, 9.0], [28.0, 26.0, 9.0], [0.0, 27.0, 9.0], [0.0, 28.0, 9.0], [0.0, 0.0, 9.0], [0.0, 0.0, 9.0], [0.0, 0.0, 0.0], [0.0, 0.0, 0.0], [0.0, 0.0, 0.0], [0.0, 0.0, 0.0], [0.0, 0.0, 0.0], [0.0, 0.0, 0.0], [0.0, 0.0, 0.0], [0.0, 0.0, 0.0], [0.0, 0.0, 0.0], [0.0, 0.0, 0.0], [0.0, 0.0, 0.0], [0.0, 0.0, 0.0], [0.0, 0.0, 0.0], [0.0, 0.0, 0.0], [0.0, 0.0, 0.0], [0.0, 0.0, 0.0], [0.0, 0.0, 0.0], [0.0, 0.0, 0.0], [0.0, 0.0, 0.0], [0.0, 0.0, 0.0], [0.0, 0.0, 0.0], [0.0, 0.0, 0.0], [0.0, 0.0, 0.0], [0.0, 0.0, 0.0]], [[17.0, 20.0, 17.0], [21.0, 17.0, 20.0], [0.0, 20.0, 17.0], [0.0, 0.0, 19.0], [0.0, 0.0, 0.0], [0.0, 0.0, 0.0], [0.0, 0.0, 0.0], [0.0, 0.0, 0.0], [0.0, 0.0, 0.0], [0.0, 0.0, 0.0], [0.0, 0.0, 0.0], [0.0, 0.0, 0.0], [0.0, 0.0, 0.0], [0.0, 0.0, 0.0], [0.0, 0.0, 0.0], [0.0, 0.0, 0.0], [0.0, 0.0, 0.0], [0.0, 0.0, 0.0], [0.0, 0.0, 0.0], [0.0, 0.0, 0.0], [0.0, 0.0, 0.0], [0.0, 0.0, 0.0], [0.0, 0.0, 0.0], [0.0, 0.0, 0.0], [0.0, 0.0, 0.0], [0.0, 0.0, 0.0], [0.0, 0.0, 0.0], [0.0, 0.0, 0.0], [0.0, 0.0, 0.0], [0.0, 0.0, 0.0]]]","[[28, 28, 28], [15, 21, 20]]","[[0.1688, 0.1266, 0.0844], [0.1676, 0.1257, 0.0838]]","[5000, 5000, 5000]",5,"[5.0, 3.0, 0.0]","[145.0, 143.0, 140.0]",1,Safety,"[6.0, 7.0]","[5.0, 6.0]","[9.0, 5.0]","[[6.0, 5.0, 9.0], [7.0, 6.0, 5.0]]",5,5,20,5,0.02,3,0.05,1,1,10,"[33, 40, 100]",2,1,0.2,100,10,2,no,4,1,5000,assessment,1,22,2022-08-30-14-51-10
"[30, 17]","[[4, 3, 2, 4, 0, 3, 2, 2, 0, 1, 1, 3, 4, 0, 3], [4, 1, 3, 0, 3, 3, 1, 2, 0, 0, 2, 4, 2, 2, 1]]","[[26, 26, 26, 26, 26, 26, 26, 27, 27, 27, 27, 27, 27, 27, 27], [17, 17, 17, 17, 17, 17, 17, 17, 17, 17, 17, 17, 17, 17, 18]]","[[28, 27, 25, 24, 24, 25, 26, 25, 24, 28, 23, 24, 27, 23, 23, 28, 27, 26, 25, 25, 26, 26, 25, 25, 28, 24, 25, 27, 23, 24, 9, 9, 9, 9, 9, 9, 9, 9, 9, 9, 6, 6, 6, 6, 6], [21, 17, 20, 16, 16, 16, 13, 16, 19, 14, 13, 16, 22, 15, 16, 20, 17, 20, 17, 17, 17, 13, 16, 19, 12, 13, 16, 22, 15, 16, 19, 17, 20, 17, 17, 17, 14, 17, 20, 14, 14, 16, 20, 15, 16]]","[[2, 4, 6], [2, 3, 4]]","[99, 100]",1,Safety,-1712.8274999999996,"[[27.0, 27.0, 7.0], [16.0, 17.0, 17.0]]",-173.25669999999997,"[[9.0, 5.0, 0.0], [6.0, 7.0, 5.0]]","[[0.0, 0.0, 20.0], [0.0, 0.0, 0.0]]","[[29.0, 22.0, 7.0], [17.0, 22.0, 18.0]]","[[[24.0, 27.0, 7.0], [27.0, 29.0, 7.0], [0.0, 24.0, 7.0], [0.0, 27.0, 7.0], [0.0, 0.0, 7.0], [0.0, 0.0, 7.0], [0.0, 0.0, 0.0], [0.0, 0.0, 0.0], [0.0, 0.0, 0.0], [0.0, 0.0, 0.0], [0.0, 0.0, 0.0], [0.0, 0.0, 0.0], [0.0, 0.0, 0.0], [0.0, 0.0, 0.0], [0.0, 0.0, 0.0], [0.0, 0.0, 0.0], [0.0, 0.0, 0.0], [0.0, 0.0, 0.0], [0.0, 0.0, 0.0], [0.0, 0.0, 0.0], [0.0, 0.0, 0.0], [0.0, 0.0, 0.0], [0.0, 0.0, 0.0], [0.0, 0.0, 0.0], [0.0, 0.0, 0.0], [0.0, 0.0, 0.0], [0.0, 0.0, 0.0], [0.0, 0.0, 0.0], [0.0, 0.0, 0.0], [0.0, 0.0, 0.0]], [[17.0, 17.0, 23.0], [16.0, 17.0, 18.0], [0.0, 17.0, 18.0], [0.0, 0.0, 17.0], [0.0, 0.0, 0.0], [0.0, 0.0, 0.0], [0.0, 0.0, 0.0], [0.0, 0.0, 0.0], [0.0, 0.0, 0.0], [0.0, 0.0, 0.0], [0.0, 0.0, 0.0], [0.0, 0.0, 0.0], [0.0, 0.0, 0.0], [0.0, 0.0, 0.0], [0.0, 0.0, 0.0], [0.0, 0.0, 0.0], [0.0, 0.0, 0.0], [0.0, 0.0, 0.0], [0.0, 0.0, 0.0], [0.0, 0.0, 0.0], [0.0, 0.0, 0.0], [0.0, 0.0, 0.0], [0.0, 0.0, 0.0], [0.0, 0.0, 0.0], [0.0, 0.0, 0.0], [0.0, 0.0, 0.0], [0.0, 0.0, 0.0], [0.0, 0.0, 0.0], [0.0, 0.0, 0.0], [0.0, 0.0, 0.0]]]","[[27, 27, 27], [17, 16, 17]]","[[0.1688, 0.1266, 0.0844], [0.1676, 0.1257, 0.0838]]","[5000, 5000, 5000]",5,"[15.0, 12.0, 5.0]","[146.0, 143.0, 136.0]",1,Safety,"[6.0, 5.0]","[4.0, 6.0]","[7.0, 9.0]","[[6.0, 4.0, 7.0], [5.0, 6.0, 9.0]]",5,5,20,5,0.02,3,0.05,1,1,10,"[33, 40, 100]",2,1,0.2,100,10,2,no,4,1,5000,assessment,1,23,2022-08-30-14-51-12
"[26, 17]","[[1, 3, 4, 0, 3, 2, 2, 4, 1, 1, 4, 1, 0, 2, 1], [2, 4, 2, 2, 1, 0, 4, 4, 2, 3, 3, 0, 3, 4, 0]]","[[27, 27, 27, 27, 27, 27, 27, 27, 27, 27, 27, 27, 27, 27, 27], [17, 17, 17, 17, 18, 18, 18, 18, 18, 18, 18, 18, 18, 18, 18]]","[[27, 24, 29, 27, 22, 28, 26, 22, 27, 29, 28, 27, 25, 24, 24, 27, 24, 29, 27, 22, 29, 27, 23, 27, 27, 28, 27, 26, 25, 25, 7, 7, 7, 7, 7, 7, 7, 7, 7, 7, 9, 9, 9, 9, 9], [16, 17, 17, 22, 17, 15, 17, 22, 17, 13, 21, 17, 20, 16, 16, 17, 17, 17, 22, 17, 15, 17, 22, 17, 13, 20, 17, 20, 17, 17, 17, 18, 18, 23, 18, 15, 17, 22, 17, 17, 19, 17, 20, 17, 17]]","[[2, 4, 6], [2, 3, 4]]","[99, 100]",1,Safety,-1685.4294,"[[21.0, 21.0, 8.0], [20.0, 20.0, 20.0]]",-146.8255,"[[11.0, 12.0, 0.0], [0.0, 1.0, 1.0]]","[[0.0, 0.0, 13.0], [2.0, 0.0, 0.0]]","[[27.0, 27.0, 8.0], [18.0, 17.0, 16.0]]","[[[27.0, 27.0, 8.0], [21.0, 27.0, 8.0], [0.0, 27.0, 8.0], [0.0, 21.0, 8.0], [0.0, 0.0, 8.0], [0.0, 0.0, 8.0], [0.0, 0.0, 0.0], [0.0, 0.0, 0.0], [0.0, 0.0, 0.0], [0.0, 0.0, 0.0], [0.0, 0.0, 0.0], [0.0, 0.0, 0.0], [0.0, 0.0, 0.0], [0.0, 0.0, 0.0], [0.0, 0.0, 0.0], [0.0, 0.0, 0.0], [0.0, 0.0, 0.0], [0.0, 0.0, 0.0], [0.0, 0.0, 0.0], [0.0, 0.0, 0.0], [0.0, 0.0, 0.0], [0.0, 0.0, 0.0], [0.0, 0.0, 0.0], [0.0, 0.0, 0.0], [0.0, 0.0, 0.0], [0.0, 0.0, 0.0], [0.0, 0.0, 0.0], [0.0, 0.0, 0.0], [0.0, 0.0, 0.0], [0.0, 0.0, 0.0]], [[22.0, 18.0, 17.0], [20.0, 22.0, 18.0], [0.0, 20.0, 22.0], [0.0, 0.0, 20.0], [0.0, 0.0, 0.0], [0.0, 0.0, 0.0], [0.0, 0.0, 0.0], [0.0, 0.0, 0.0], [0.0, 0.0, 0.0], [0.0, 0.0, 0.0], [0.0, 0.0, 0.0], [0.0, 0.0, 0.0], [0.0, 0.0, 0.0], [0.0, 0.0, 0.0], [0.0, 0.0, 0.0], [0.0, 0.0, 0.0], [0.0, 0.0, 0.0], [0.0, 0.0, 0.0], [0.0, 0.0, 0.0], [0.0, 0.0, 0.0], [0.0, 0.0, 0.0], [0.0, 0.0, 0.0], [0.0, 0.0, 0.0], [0.0, 0.0, 0.0], [0.0, 0.0, 0.0], [0.0, 0.0, 0.0], [0.0, 0.0, 0.0], [0.0, 0.0, 0.0], [0.0, 0.0, 0.0], [0.0, 0.0, 0.0]]]","[[28, 21, 21], [20, 20, 20]]","[[0.1688, 0.1266, 0.0844], [0.1676, 0.1257, 0.0838]]","[5000, 5000, 5000]",5,"[11.0, 13.0, 1.0]","[141.0, 143.0, 131.0]",1,Safety,"[6.0, 6.0]","[6.0, 7.0]","[8.0, 6.0]","[[6.0, 6.0, 8.0], [6.0, 7.0, 6.0]]",5,5,20,5,0.02,3,0.05,1,1,10,"[33, 40, 100]",2,1,0.2,100,10,2,no,4,1,5000,assessment,1,24,2022-08-30-14-51-14
"[27, 20]","[[4, 1, 0, 2, 1, 1, 3, 0, 2, 3, 2, 3, 3, 1, 0], [3, 0, 3, 4, 0, 3, 4, 1, 3, 0, 3, 0, 0, 1, 4]]","[[27, 27, 27, 27, 27, 27, 27, 27, 27, 27, 27, 27, 27, 27, 26], [18, 18, 18, 18, 18, 18, 18, 18, 18, 18, 18, 18, 18, 18, 18]]","[[21, 27, 27, 27, 27, 22, 31, 28, 26, 27, 27, 24, 29, 27, 22, 21, 27, 27, 27, 27, 22, 31, 28, 26, 29, 27, 24, 29, 27, 22, 8, 8, 8, 8, 8, 8, 8, 8, 8, 8, 7, 7, 7, 7, 7], [20, 22, 18, 17, 16, 21, 18, 18, 17, 18, 16, 17, 17, 22, 17, 20, 22, 18, 17, 16, 21, 18, 18, 18, 20, 17, 17, 17, 22, 17, 20, 22, 18, 17, 16, 21, 18, 18, 18, 17, 17, 18, 18, 23, 18]]","[[2, 4, 6], [2, 3, 4]]","[99, 100]",1,Safety,-1761.9021,"[[27.0, 26.0, 7.0], [17.0, 17.0, 16.0]]",-164.9077,"[[12.0, 9.0, 0.0], [3.0, 3.0, 6.0]]","[[0.0, 0.0, 19.0], [0.0, 0.0, 0.0]]","[[26.0, 27.0, 7.0], [18.0, 18.0, 23.0]]","[[[25.0, 28.0, 7.0], [27.0, 26.0, 7.0], [0.0, 24.0, 7.0], [0.0, 26.0, 7.0], [0.0, 0.0, 7.0], [0.0, 0.0, 7.0], [0.0, 0.0, 0.0], [0.0, 0.0, 0.0], [0.0, 0.0, 0.0], [0.0, 0.0, 0.0], [0.0, 0.0, 0.0], [0.0, 0.0, 0.0], [0.0, 0.0, 0.0], [0.0, 0.0, 0.0], [0.0, 0.0, 0.0], [0.0, 0.0, 0.0], [0.0, 0.0, 0.0], [0.0, 0.0, 0.0], [0.0, 0.0, 0.0], [0.0, 0.0, 0.0], [0.0, 0.0, 0.0], [0.0, 0.0, 0.0], [0.0, 0.0, 0.0], [0.0, 0.0, 0.0], [0.0, 0.0, 0.0], [0.0, 0.0, 0.0], [0.0, 0.0, 0.0], [0.0, 0.0, 0.0], [0.0, 0.0, 0.0], [0.0, 0.0, 0.0]], [[23.0, 18.0, 18.0], [17.0, 23.0, 18.0], [0.0, 17.0, 18.0], [0.0, 0.0, 16.0], [0.0, 0.0, 0.0], [0.0, 0.0, 0.0], [0.0, 0.0, 0.0], [0.0, 0.0, 0.0], [0.0, 0.0, 0.0], [0.0, 0.0, 0.0], [0.0, 0.0, 0.0], [0.0, 0.0, 0.0], [0.0, 0.0, 0.0], [0.0, 0.0, 0.0], [0.0, 0.0, 0.0], [0.0, 0.0, 0.0], [0.0, 0.0, 0.0], [0.0, 0.0, 0.0], [0.0, 0.0, 0.0], [0.0, 0.0, 0.0], [0.0, 0.0, 0.0], [0.0, 0.0, 0.0], [0.0, 0.0, 0.0], [0.0, 0.0, 0.0], [0.0, 0.0, 0.0], [0.0, 0.0, 0.0], [0.0, 0.0, 0.0], [0.0, 0.0, 0.0], [0.0, 0.0, 0.0], [0.0, 0.0, 0.0]]]","[[24, 27, 26], [16, 17, 17]]","[[0.1688, 0.1266, 0.0844], [0.1676, 0.1257, 0.0838]]","[5000, 5000, 5000]",5,"[15.0, 12.0, 6.0]","[142.0, 139.0, 133.0]",1,Safety,"[7.0, 5.0]","[7.0, 7.0]","[7.0, 6.0]","[[7.0, 7.0, 7.0], [5.0, 7.0, 6.0]]",5,5,20,5,0.02,3,0.05,1,1,10,"[33, 40, 100]",2,1,0.2,100,10,2,no,4,1,5000,assessment,1,25,2022-08-30-14-51-16
"[25, 18]","[[2, 3, 3, 1, 0, 2, 3, 0, 0, 3, 4, 2, 4, 2, 1], [3, 0, 0, 1, 4, 3, 3, 4, 2, 3, 1, 2, 2, 0, 4]]","[[27, 27, 27, 27, 26, 26, 26, 26, 26, 26, 26, 25, 25, 25, 25], [18, 18, 18, 18, 18, 18, 18, 17, 17, 17, 17, 17, 17, 17, 17]]","[[27, 25, 26, 28, 27, 27, 28, 29, 27, 29, 21, 27, 27, 27, 27, 26, 24, 26, 28, 27, 27, 28, 29, 27, 30, 21, 27, 27, 27, 27, 7, 7, 7, 7, 7, 7, 7, 7, 7, 7, 8, 8, 8, 8, 8], [17, 23, 18, 18, 23, 17, 18, 17, 20, 17, 20, 22, 18, 17, 16, 17, 23, 18, 18, 23, 17, 18, 17, 20, 17, 20, 22, 18, 17, 16, 16, 18, 18, 18, 23, 17, 18, 17, 19, 17, 20, 22, 18, 17, 16]]","[[2, 4, 6], [2, 3, 4]]","[99, 100]",1,Safety,-1613.7481,"[[25.0, 25.0, 7.0], [13.0, 13.0, 12.0]]",-157.0908,"[[9.0, 7.0, 0.0], [6.0, 10.0, 6.0]]","[[0.0, 0.0, 18.0], [0.0, 0.0, 0.0]]","[[25.0, 26.0, 7.0], [19.0, 20.0, 17.0]]","[[[25.0, 25.0, 7.0], [25.0, 24.0, 7.0], [0.0, 24.0, 7.0], [0.0, 25.0, 7.0], [0.0, 0.0, 7.0], [0.0, 0.0, 7.0], [0.0, 0.0, 0.0], [0.0, 0.0, 0.0], [0.0, 0.0, 0.0], [0.0, 0.0, 0.0], [0.0, 0.0, 0.0], [0.0, 0.0, 0.0], [0.0, 0.0, 0.0], [0.0, 0.0, 0.0], [0.0, 0.0, 0.0], [0.0, 0.0, 0.0], [0.0, 0.0, 0.0], [0.0, 0.0, 0.0], [0.0, 0.0, 0.0], [0.0, 0.0, 0.0], [0.0, 0.0, 0.0], [0.0, 0.0, 0.0], [0.0, 0.0, 0.0], [0.0, 0.0, 0.0], [0.0, 0.0, 0.0], [0.0, 0.0, 0.0], [0.0, 0.0, 0.0], [0.0, 0.0, 0.0], [0.0, 0.0, 0.0], [0.0, 0.0, 0.0]], [[17.0, 19.0, 20.0], [13.0, 17.0, 19.0], [0.0, 13.0, 17.0], [0.0, 0.0, 12.0], [0.0, 0.0, 0.0], [0.0, 0.0, 0.0], [0.0, 0.0, 0.0], [0.0, 0.0, 0.0], [0.0, 0.0, 0.0], [0.0, 0.0, 0.0], [0.0, 0.0, 0.0], [0.0, 0.0, 0.0], [0.0, 0.0, 0.0], [0.0, 0.0, 0.0], [0.0, 0.0, 0.0], [0.0, 0.0, 0.0], [0.0, 0.0, 0.0], [0.0, 0.0, 0.0], [0.0, 0.0, 0.0], [0.0, 0.0, 0.0], [0.0, 0.0, 0.0], [0.0, 0.0, 0.0], [0.0, 0.0, 0.0], [0.0, 0.0, 0.0], [0.0, 0.0, 0.0], [0.0, 0.0, 0.0], [0.0, 0.0, 0.0], [0.0, 0.0, 0.0], [0.0, 0.0, 0.0], [0.0, 0.0, 0.0]]]","[[26, 25, 25], [20, 13, 13]]","[[0.1688, 0.1266, 0.0844], [0.1676, 0.1257, 0.0838]]","[5000, 5000, 5000]",5,"[15.0, 17.0, 6.0]","[137.0, 139.0, 128.0]",1,Safety,"[8.0, 5.0]","[5.0, 8.0]","[7.0, 7.0]","[[8.0, 5.0, 7.0], [5.0, 8.0, 7.0]]",5,5,20,5,0.02,3,0.05,1,1,10,"[33, 40, 100]",2,1,0.2,100,10,2,no,4,1,5000,assessment,1,26,2022-08-30-14-51-18
"[27, 18]","[[4, 2, 4, 2, 1, 0, 3, 3, 1, 4, 2, 4, 2, 4, 2], [1, 2, 2, 0, 4, 1, 3, 1, 3, 4, 2, 2, 0, 4, 3]]","[[26, 25, 25, 25, 25, 25, 24, 24, 24, 24, 24, 23, 23, 23, 23], [17, 17, 17, 17, 17, 17, 17, 17, 16, 16, 16, 16, 16, 16, 16]]","[[25, 25, 25, 26, 27, 27, 23, 28, 25, 25, 27, 25, 26, 28, 27, 25, 24, 24, 25, 26, 27, 23, 28, 24, 22, 26, 24, 26, 28, 27, 7, 7, 7, 7, 7, 7, 7, 7, 7, 7, 7, 7, 7, 7, 7], [13, 17, 19, 20, 17, 18, 18, 20, 18, 16, 17, 23, 18, 18, 23, 13, 17, 19, 20, 17, 17, 17, 19, 18, 17, 17, 23, 18, 18, 23, 12, 17, 19, 20, 17, 17, 17, 19, 17, 17, 16, 18, 18, 18, 23]]","[[2, 4, 6], [2, 3, 4]]","[99, 100]",1,Safety,-1346.7266999999997,"[[21.0, 20.0, 10.0], [16.0, 16.0, 15.0]]",-91.4731,"[[17.0, 15.0, 0.0], [5.0, 7.0, 7.0]]","[[0.0, 0.0, 10.0], [0.0, 0.0, 0.0]]","[[25.0, 20.0, 10.0], [14.0, 15.0, 16.0]]","[[[16.0, 22.0, 10.0], [21.0, 24.0, 10.0], [0.0, 15.0, 10.0], [0.0, 20.0, 10.0], [0.0, 0.0, 10.0], [0.0, 0.0, 10.0], [0.0, 0.0, 0.0], [0.0, 0.0, 0.0], [0.0, 0.0, 0.0], [0.0, 0.0, 0.0], [0.0, 0.0, 0.0], [0.0, 0.0, 0.0], [0.0, 0.0, 0.0], [0.0, 0.0, 0.0], [0.0, 0.0, 0.0], [0.0, 0.0, 0.0], [0.0, 0.0, 0.0], [0.0, 0.0, 0.0], [0.0, 0.0, 0.0], [0.0, 0.0, 0.0], [0.0, 0.0, 0.0], [0.0, 0.0, 0.0], [0.0, 0.0, 0.0], [0.0, 0.0, 0.0], [0.0, 0.0, 0.0], [0.0, 0.0, 0.0], [0.0, 0.0, 0.0], [0.0, 0.0, 0.0], [0.0, 0.0, 0.0], [0.0, 0.0, 0.0]], [[18.0, 14.0, 15.0], [16.0, 18.0, 14.0], [0.0, 16.0, 17.0], [0.0, 0.0, 15.0], [0.0, 0.0, 0.0], [0.0, 0.0, 0.0], [0.0, 0.0, 0.0], [0.0, 0.0, 0.0], [0.0, 0.0, 0.0], [0.0, 0.0, 0.0], [0.0, 0.0, 0.0], [0.0, 0.0, 0.0], [0.0, 0.0, 0.0], [0.0, 0.0, 0.0], [0.0, 0.0, 0.0], [0.0, 0.0, 0.0], [0.0, 0.0, 0.0], [0.0, 0.0, 0.0], [0.0, 0.0, 0.0], [0.0, 0.0, 0.0], [0.0, 0.0, 0.0], [0.0, 0.0, 0.0], [0.0, 0.0, 0.0], [0.0, 0.0, 0.0], [0.0, 0.0, 0.0], [0.0, 0.0, 0.0], [0.0, 0.0, 0.0], [0.0, 0.0, 0.0], [0.0, 0.0, 0.0], [0.0, 0.0, 0.0]]]","[[25, 21, 20], [15, 16, 16]]","[[0.1688, 0.1266, 0.0844], [0.1676, 0.1257, 0.0838]]","[5000, 5000, 5000]",5,"[22.0, 22.0, 7.0]","[135.0, 135.0, 120.0]",1,Safety,"[8.0, 6.0]","[5.0, 7.0]","[10.0, 6.0]","[[8.0, 5.0, 10.0], [6.0, 7.0, 6.0]]",5,5,20,5,0.02,3,0.05,1,1,10,"[33, 40, 100]",2,1,0.2,100,10,2,no,4,1,5000,assessment,1,27,2022-08-30-14-51-20
"[21, 13]","[[2, 4, 2, 4, 2, 4, 1, 3, 0, 2, 3, 2, 2, 0, 0], [2, 2, 0, 4, 3, 4, 3, 1, 2, 0, 1, 2, 4, 4, 4]]","[[24, 23, 23, 23, 23, 22, 22, 22, 22, 21, 21, 21, 21, 21, 20], [16, 16, 16, 16, 16, 16, 16, 15, 15, 15, 15, 15, 15, 15, 15]]","[[21, 16, 25, 23, 21, 27, 26, 29, 26, 25, 25, 25, 25, 26, 27, 20, 15, 24, 22, 20, 24, 24, 28, 25, 24, 25, 24, 24, 25, 26, 10, 10, 10, 10, 10, 10, 10, 10, 10, 10, 7, 7, 7, 7, 7], [16, 18, 14, 15, 17, 16, 18, 17, 18, 21, 13, 17, 19, 20, 17, 16, 18, 14, 15, 16, 15, 17, 17, 18, 20, 13, 17, 19, 20, 17, 15, 17, 14, 15, 16, 15, 17, 16, 17, 18, 12, 17, 19, 20, 17]]","[[2, 4, 6], [2, 3, 4]]","[99, 100]",1,Safety,-1392.7269,"[[16.0, 15.0, 6.0], [15.0, 15.0, 14.0]]",-81.7204,"[[10.0, 9.0, 0.0], [2.0, 10.0, 16.0]]","[[0.0, 0.0, 9.0], [0.0, 0.0, 0.0]]","[[21.0, 21.0, 6.0], [9.0, 10.0, 14.0]]","[[[22.0, 22.0, 6.0], [16.0, 21.0, 6.0], [0.0, 21.0, 6.0], [0.0, 15.0, 6.0], [0.0, 0.0, 6.0], [0.0, 0.0, 6.0], [0.0, 0.0, 0.0], [0.0, 0.0, 0.0], [0.0, 0.0, 0.0], [0.0, 0.0, 0.0], [0.0, 0.0, 0.0], [0.0, 0.0, 0.0], [0.0, 0.0, 0.0], [0.0, 0.0, 0.0], [0.0, 0.0, 0.0], [0.0, 0.0, 0.0], [0.0, 0.0, 0.0], [0.0, 0.0, 0.0], [0.0, 0.0, 0.0], [0.0, 0.0, 0.0], [0.0, 0.0, 0.0], [0.0, 0.0, 0.0], [0.0, 0.0, 0.0], [0.0, 0.0, 0.0], [0.0, 0.0, 0.0], [0.0, 0.0, 0.0], [0.0, 0.0, 0.0], [0.0, 0.0, 0.0], [0.0, 0.0, 0.0], [0.0, 0.0, 0.0]], [[16.0, 9.0, 9.0], [15.0, 16.0, 8.0], [0.0, 15.0, 15.0], [0.0, 0.0, 14.0], [0.0, 0.0, 0.0], [0.0, 0.0, 0.0], [0.0, 0.0, 0.0], [0.0, 0.0, 0.0], [0.0, 0.0, 0.0], [0.0, 0.0, 0.0], [0.0, 0.0, 0.0], [0.0, 0.0, 0.0], [0.0, 0.0, 0.0], [0.0, 0.0, 0.0], [0.0, 0.0, 0.0], [0.0, 0.0, 0.0], [0.0, 0.0, 0.0], [0.0, 0.0, 0.0], [0.0, 0.0, 0.0], [0.0, 0.0, 0.0], [0.0, 0.0, 0.0], [0.0, 0.0, 0.0], [0.0, 0.0, 0.0], [0.0, 0.0, 0.0], [0.0, 0.0, 0.0], [0.0, 0.0, 0.0], [0.0, 0.0, 0.0], [0.0, 0.0, 0.0], [0.0, 0.0, 0.0], [0.0, 0.0, 0.0]]]","[[22, 16, 15], [19, 15, 15]]","[[0.1688, 0.1266, 0.0844], [0.1676, 0.1257, 0.0838]]","[5000, 5000, 5000]",5,"[12.0, 19.0, 16.0]","[114.0, 121.0, 118.0]",1,Safety,"[7.0, 7.0]","[6.0, 5.0]","[6.0, 6.0]","[[7.0, 6.0, 6.0], [7.0, 5.0, 6.0]]",5,5,20,5,0.02,3,0.05,1,1,10,"[33, 40, 100]",2,1,0.2,100,10,2,no,4,1,5000,assessment,1,28,2022-08-30-14-51-21
"[19, 15]","[[3, 2, 2, 0, 0, 0, 3, 0, 2, 2, 1, 4, 2, 3, 2], [1, 2, 4, 4, 4, 0, 3, 4, 1, 1, 0, 2, 2, 0, 1]]","[[21, 21, 21, 21, 20, 20, 20, 20, 19, 19, 19, 19, 19, 18, 18], [15, 15, 15, 15, 15, 14, 14, 14, 14, 14, 14, 14, 14, 14, 14]]","[[16, 22, 21, 23, 27, 22, 24, 28, 20, 23, 21, 16, 25, 23, 21, 15, 21, 21, 22, 21, 21, 22, 27, 19, 23, 20, 15, 24, 22, 20, 6, 6, 6, 6, 6, 6, 6, 6, 6, 6, 10, 10, 10, 10, 10], [15, 16, 9, 10, 14, 16, 18, 18, 13, 16, 16, 18, 14, 15, 17, 15, 16, 9, 10, 14, 15, 17, 17, 13, 14, 16, 18, 14, 15, 16, 14, 15, 8, 9, 14, 15, 17, 17, 12, 13, 15, 17, 14, 15, 16]]","[[2, 4, 6], [2, 3, 4]]","[99, 100]",1,Safety,-1088.6906,"[[20.0, 19.0, 9.0], [13.0, 13.0, 12.0]]",-88.69059999999999,"[[8.0, 8.0, 0.0], [5.0, 6.0, 4.0]]","[[0.0, 0.0, 10.0], [0.0, 0.0, 0.0]]","[[19.0, 20.0, 9.0], [14.0, 17.0, 17.0]]","[[[15.0, 19.0, 9.0], [20.0, 18.0, 9.0], [0.0, 14.0, 9.0], [0.0, 19.0, 9.0], [0.0, 0.0, 9.0], [0.0, 0.0, 9.0], [0.0, 0.0, 0.0], [0.0, 0.0, 0.0], [0.0, 0.0, 0.0], [0.0, 0.0, 0.0], [0.0, 0.0, 0.0], [0.0, 0.0, 0.0], [0.0, 0.0, 0.0], [0.0, 0.0, 0.0], [0.0, 0.0, 0.0], [0.0, 0.0, 0.0], [0.0, 0.0, 0.0], [0.0, 0.0, 0.0], [0.0, 0.0, 0.0], [0.0, 0.0, 0.0], [0.0, 0.0, 0.0], [0.0, 0.0, 0.0], [0.0, 0.0, 0.0], [0.0, 0.0, 0.0], [0.0, 0.0, 0.0], [0.0, 0.0, 0.0], [0.0, 0.0, 0.0], [0.0, 0.0, 0.0], [0.0, 0.0, 0.0], [0.0, 0.0, 0.0]], [[17.0, 14.0, 17.0], [13.0, 17.0, 13.0], [0.0, 13.0, 14.0], [0.0, 0.0, 12.0], [0.0, 0.0, 0.0], [0.0, 0.0, 0.0], [0.0, 0.0, 0.0], [0.0, 0.0, 0.0], [0.0, 0.0, 0.0], [0.0, 0.0, 0.0], [0.0, 0.0, 0.0], [0.0, 0.0, 0.0], [0.0, 0.0, 0.0], [0.0, 0.0, 0.0], [0.0, 0.0, 0.0], [0.0, 0.0, 0.0], [0.0, 0.0, 0.0], [0.0, 0.0, 0.0], [0.0, 0.0, 0.0], [0.0, 0.0, 0.0], [0.0, 0.0, 0.0], [0.0, 0.0, 0.0], [0.0, 0.0, 0.0], [0.0, 0.0, 0.0], [0.0, 0.0, 0.0], [0.0, 0.0, 0.0], [0.0, 0.0, 0.0], [0.0, 0.0, 0.0], [0.0, 0.0, 0.0], [0.0, 0.0, 0.0]]]","[[21, 20, 19], [13, 13, 13]]","[[0.1688, 0.1266, 0.0844], [0.1676, 0.1257, 0.0838]]","[5000, 5000, 5000]",5,"[13.0, 14.0, 4.0]","[112.0, 113.0, 103.0]",1,Safety,"[7.0, 6.0]","[5.0, 8.0]","[9.0, 7.0]","[[7.0, 5.0, 9.0], [6.0, 8.0, 7.0]]",5,5,20,5,0.02,3,0.05,1,1,10,"[33, 40, 100]",2,1,0.2,100,10,2,no,4,1,5000,assessment,1,29,2022-08-30-14-51-23
"[19, 15]","[[1, 4, 2, 3, 2, 1, 1, 0, 0, 0, 1, 2, 3, 4, 1], [0, 2, 2, 0, 1, 4, 2, 2, 1, 1, 2, 2, 4, 4, 0]]","[[19, 19, 19, 18, 18, 18, 18, 18, 18, 17, 17, 17, 17, 17, 17], [14, 14, 14, 14, 14, 14, 13, 13, 13, 13, 13, 13, 13, 13, 13]]","[[20, 15, 19, 19, 21, 20, 21, 20, 19, 22, 16, 22, 21, 23, 27, 19, 14, 18, 19, 20, 19, 20, 19, 18, 20, 15, 21, 21, 22, 21, 9, 9, 9, 9, 9, 9, 9, 9, 9, 9, 6, 6, 6, 6, 6], [13, 17, 14, 17, 17, 14, 13, 16, 15, 18, 15, 16, 9, 10, 14, 13, 17, 14, 17, 17, 14, 13, 15, 14, 20, 15, 16, 9, 10, 14, 12, 14, 13, 17, 17, 14, 13, 15, 14, 20, 14, 15, 8, 9, 14]]","[[2, 4, 6], [2, 3, 4]]","[99, 100]",1,Safety,-791.5637999999999,"[[17.0, 17.0, 7.0], [14.0, 14.0, 14.0]]",-87.2199,"[[6.0, 6.0, 0.0], [4.0, 1.0, 3.0]]","[[0.0, 0.0, 10.0], [0.0, 0.0, 0.0]]","[[18.0, 18.0, 7.0], [16.0, 12.0, 13.0]]","[[[17.0, 15.0, 7.0], [17.0, 18.0, 7.0], [0.0, 17.0, 7.0], [0.0, 17.0, 7.0], [0.0, 0.0, 7.0], [0.0, 0.0, 7.0], [0.0, 0.0, 0.0], [0.0, 0.0, 0.0], [0.0, 0.0, 0.0], [0.0, 0.0, 0.0], [0.0, 0.0, 0.0], [0.0, 0.0, 0.0], [0.0, 0.0, 0.0], [0.0, 0.0, 0.0], [0.0, 0.0, 0.0], [0.0, 0.0, 0.0], [0.0, 0.0, 0.0], [0.0, 0.0, 0.0], [0.0, 0.0, 0.0], [0.0, 0.0, 0.0], [0.0, 0.0, 0.0], [0.0, 0.0, 0.0], [0.0, 0.0, 0.0], [0.0, 0.0, 0.0], [0.0, 0.0, 0.0], [0.0, 0.0, 0.0], [0.0, 0.0, 0.0], [0.0, 0.0, 0.0], [0.0, 0.0, 0.0], [0.0, 0.0, 0.0]], [[13.0, 16.0, 12.0], [14.0, 13.0, 16.0], [0.0, 14.0, 13.0], [0.0, 0.0, 14.0], [0.0, 0.0, 0.0], [0.0, 0.0, 0.0], [0.0, 0.0, 0.0], [0.0, 0.0, 0.0], [0.0, 0.0, 0.0], [0.0, 0.0, 0.0], [0.0, 0.0, 0.0], [0.0, 0.0, 0.0], [0.0, 0.0, 0.0], [0.0, 0.0, 0.0], [0.0, 0.0, 0.0], [0.0, 0.0, 0.0], [0.0, 0.0, 0.0], [0.0, 0.0, 0.0], [0.0, 0.0, 0.0], [0.0, 0.0, 0.0], [0.0, 0.0, 0.0], [0.0, 0.0, 0.0], [0.0, 0.0, 0.0], [0.0, 0.0, 0.0], [0.0, 0.0, 0.0], [0.0, 0.0, 0.0], [0.0, 0.0, 0.0], [0.0, 0.0, 0.0], [0.0, 0.0, 0.0], [0.0, 0.0, 0.0]]]","[[18, 17, 17], [14, 14, 14]]","[[0.1688, 0.1266, 0.0844], [0.1676, 0.1257, 0.0838]]","[5000, 5000, 5000]",5,"[10.0, 7.0, 3.0]","[104.0, 101.0, 97.0]",1,Safety,"[7.0, 6.0]","[5.0, 5.0]","[7.0, 6.0]","[[7.0, 5.0, 7.0], [6.0, 5.0, 6.0]]",5,5,20,5,0.02,3,0.05,1,1,10,"[33, 40, 100]",2,1,0.2,100,10,2,no,4,1,5000,assessment,1,30,2022-08-30-14-51-25
"[17, 14]","[[1, 2, 3, 4, 1, 4, 2, 4, 1, 1, 4, 3, 0, 1, 4], [2, 2, 4, 4, 0, 3, 0, 3, 3, 4, 4, 0, 2, 0, 3]]","[[17, 17, 17, 17, 17, 17, 17, 16, 16, 16, 16, 16, 16, 16, 16], [13, 13, 13, 13, 13, 13, 13, 13, 13, 13, 13, 13, 13, 13, 14]]","[[17, 17, 18, 16, 19, 18, 13, 18, 18, 21, 20, 15, 19, 19, 21, 17, 17, 18, 15, 18, 17, 12, 18, 18, 20, 19, 14, 18, 19, 20, 7, 7, 7, 7, 7, 7, 7, 7, 7, 7, 9, 9, 9, 9, 9], [14, 13, 16, 12, 13, 15, 18, 14, 15, 13, 13, 17, 14, 17, 17, 14, 13, 16, 12, 13, 14, 17, 13, 14, 10, 13, 17, 14, 17, 17, 14, 13, 16, 12, 13, 14, 17, 13, 14, 8, 12, 14, 13, 17, 17]]","[[2, 4, 6], [2, 3, 4]]","[99, 100]",1,Safety,-948.4553999999998,"[[21.0, 21.0, 6.0], [13.0, 14.0, 14.0]]",-129.24179999999998,"[[1.0, 1.0, 0.0], [3.0, 10.0, 7.0]]","[[0.0, 0.0, 15.0], [0.0, 0.0, 0.0]]","[[16.0, 19.0, 6.0], [10.0, 13.0, 13.0]]","[[[18.0, 15.0, 6.0], [21.0, 16.0, 6.0], [0.0, 18.0, 6.0], [0.0, 21.0, 6.0], [0.0, 0.0, 6.0], [0.0, 0.0, 6.0], [0.0, 0.0, 0.0], [0.0, 0.0, 0.0], [0.0, 0.0, 0.0], [0.0, 0.0, 0.0], [0.0, 0.0, 0.0], [0.0, 0.0, 0.0], [0.0, 0.0, 0.0], [0.0, 0.0, 0.0], [0.0, 0.0, 0.0], [0.0, 0.0, 0.0], [0.0, 0.0, 0.0], [0.0, 0.0, 0.0], [0.0, 0.0, 0.0], [0.0, 0.0, 0.0], [0.0, 0.0, 0.0], [0.0, 0.0, 0.0], [0.0, 0.0, 0.0], [0.0, 0.0, 0.0], [0.0, 0.0, 0.0], [0.0, 0.0, 0.0], [0.0, 0.0, 0.0], [0.0, 0.0, 0.0], [0.0, 0.0, 0.0], [0.0, 0.0, 0.0]], [[13.0, 10.0, 14.0], [13.0, 13.0, 11.0], [0.0, 14.0, 14.0], [0.0, 0.0, 14.0], [0.0, 0.0, 0.0], [0.0, 0.0, 0.0], [0.0, 0.0, 0.0], [0.0, 0.0, 0.0], [0.0, 0.0, 0.0], [0.0, 0.0, 0.0], [0.0, 0.0, 0.0], [0.0, 0.0, 0.0], [0.0, 0.0, 0.0], [0.0, 0.0, 0.0], [0.0, 0.0, 0.0], [0.0, 0.0, 0.0], [0.0, 0.0, 0.0], [0.0, 0.0, 0.0], [0.0, 0.0, 0.0], [0.0, 0.0, 0.0], [0.0, 0.0, 0.0], [0.0, 0.0, 0.0], [0.0, 0.0, 0.0], [0.0, 0.0, 0.0], [0.0, 0.0, 0.0], [0.0, 0.0, 0.0], [0.0, 0.0, 0.0], [0.0, 0.0, 0.0], [0.0, 0.0, 0.0], [0.0, 0.0, 0.0]]]","[[15, 21, 21], [16, 13, 14]]","[[0.1688, 0.1266, 0.0844], [0.1676, 0.1257, 0.0838]]","[5000, 5000, 5000]",5,"[4.0, 11.0, 7.0]","[104.0, 111.0, 107.0]",1,Safety,"[7.0, 6.0]","[7.0, 7.0]","[6.0, 4.0]","[[7.0, 7.0, 6.0], [6.0, 7.0, 4.0]]",5,5,20,5,0.02,3,0.05,1,1,10,"[33, 40, 100]",2,1,0.2,100,10,2,no,4,1,5000,assessment,1,31,2022-08-30-14-51-27
"[15, 11]","[[4, 3, 0, 1, 4, 0, 0, 4, 2, 1, 1, 3, 3, 0, 0], [4, 0, 2, 0, 3, 3, 1, 0, 0, 2, 2, 1, 1, 4, 0]]","[[16, 16, 16, 16, 16, 16, 16, 16, 16, 16, 16, 16, 16, 16, 16], [13, 13, 13, 13, 14, 14, 14, 14, 14, 14, 14, 14, 14, 15, 15]]","[[21, 18, 16, 15, 19, 13, 21, 16, 17, 18, 17, 17, 18, 16, 19, 21, 18, 16, 15, 19, 12, 20, 15, 16, 20, 17, 17, 18, 15, 18, 6, 6, 6, 6, 6, 6, 6, 6, 6, 6, 7, 7, 7, 7, 7], [13, 13, 10, 13, 12, 9, 16, 14, 14, 14, 14, 13, 16, 12, 13, 14, 13, 10, 13, 12, 9, 16, 14, 14, 16, 14, 13, 16, 12, 13, 14, 14, 11, 14, 13, 9, 15, 14, 14, 13, 14, 13, 16, 12, 13]]","[[2, 4, 6], [2, 3, 4]]","[99, 100]",1,Safety,-889.4493999999999,"[[21.0, 21.0, 7.0], [14.0, 15.0, 16.0]]",-120.0503,"[[4.0, 0.0, 0.0], [6.0, 1.0, 1.0]]","[[0.0, 0.0, 14.0], [0.0, 0.0, 0.0]]","[[16.0, 17.0, 7.0], [20.0, 14.0, 14.0]]","[[[16.0, 18.0, 7.0], [21.0, 16.0, 7.0], [0.0, 16.0, 7.0], [0.0, 21.0, 7.0], [0.0, 0.0, 7.0], [0.0, 0.0, 7.0], [0.0, 0.0, 0.0], [0.0, 0.0, 0.0], [0.0, 0.0, 0.0], [0.0, 0.0, 0.0], [0.0, 0.0, 0.0], [0.0, 0.0, 0.0], [0.0, 0.0, 0.0], [0.0, 0.0, 0.0], [0.0, 0.0, 0.0], [0.0, 0.0, 0.0], [0.0, 0.0, 0.0], [0.0, 0.0, 0.0], [0.0, 0.0, 0.0], [0.0, 0.0, 0.0], [0.0, 0.0, 0.0], [0.0, 0.0, 0.0], [0.0, 0.0, 0.0], [0.0, 0.0, 0.0], [0.0, 0.0, 0.0], [0.0, 0.0, 0.0], [0.0, 0.0, 0.0], [0.0, 0.0, 0.0], [0.0, 0.0, 0.0], [0.0, 0.0, 0.0]], [[14.0, 20.0, 15.0], [14.0, 15.0, 21.0], [0.0, 15.0, 15.0], [0.0, 0.0, 16.0], [0.0, 0.0, 0.0], [0.0, 0.0, 0.0], [0.0, 0.0, 0.0], [0.0, 0.0, 0.0], [0.0, 0.0, 0.0], [0.0, 0.0, 0.0], [0.0, 0.0, 0.0], [0.0, 0.0, 0.0], [0.0, 0.0, 0.0], [0.0, 0.0, 0.0], [0.0, 0.0, 0.0], [0.0, 0.0, 0.0], [0.0, 0.0, 0.0], [0.0, 0.0, 0.0], [0.0, 0.0, 0.0], [0.0, 0.0, 0.0], [0.0, 0.0, 0.0], [0.0, 0.0, 0.0], [0.0, 0.0, 0.0], [0.0, 0.0, 0.0], [0.0, 0.0, 0.0], [0.0, 0.0, 0.0], [0.0, 0.0, 0.0], [0.0, 0.0, 0.0], [0.0, 0.0, 0.0], [0.0, 0.0, 0.0]]]","[[12, 21, 21], [14, 14, 15]]","[[0.1688, 0.1266, 0.0844], [0.1676, 0.1257, 0.0838]]","[5000, 5000, 5000]",5,"[10.0, 1.0, 1.0]","[107.0, 98.0, 98.0]",1,Safety,"[5.0, 6.0]","[7.0, 7.0]","[7.0, 7.0]","[[5.0, 7.0, 7.0], [6.0, 7.0, 7.0]]",5,5,20,5,0.02,3,0.05,1,1,10,"[33, 40, 100]",2,1,0.2,100,10,2,no,4,1,5000,assessment,1,32,2022-08-30-14-51-28
"[15, 15]","[[1, 3, 3, 0, 0, 2, 2, 2, 3, 2, 3, 4, 1, 1, 0], [2, 1, 1, 4, 0, 2, 1, 1, 1, 4, 2, 0, 4, 3, 3]]","[[16, 16, 16, 16, 16, 16, 16, 16, 16, 16, 16, 16, 16, 16, 16], [14, 14, 14, 15, 15, 15, 15, 15, 16, 16, 16, 16, 16, 17, 17]]","[[21, 16, 16, 18, 17, 16, 16, 18, 15, 13, 21, 18, 16, 15, 19, 21, 16, 16, 18, 17, 16, 16, 18, 15, 13, 21, 18, 16, 15, 19, 7, 7, 7, 7, 7, 7, 7, 7, 7, 7, 6, 6, 6, 6, 6], [14, 14, 20, 14, 13, 16, 14, 12, 11, 16, 13, 13, 10, 13, 12, 15, 15, 20, 14, 13, 16, 14, 12, 12, 17, 14, 13, 10, 13, 12, 16, 15, 21, 15, 14, 17, 14, 12, 12, 20, 14, 14, 11, 14, 13]]","[[2, 4, 6], [2, 3, 4]]","[99, 100]",1,Safety,-872.3674,"[[17.0, 17.0, 6.0], [15.0, 16.0, 17.0]]",-97.505,"[[8.0, 5.0, 0.0], [8.0, 6.0, 7.0]]","[[0.0, 0.0, 11.0], [0.0, 0.0, 0.0]]","[[19.0, 16.0, 6.0], [19.0, 16.0, 21.0]]","[[[13.0, 16.0, 6.0], [17.0, 19.0, 6.0], [0.0, 13.0, 6.0], [0.0, 17.0, 6.0], [0.0, 0.0, 6.0], [0.0, 0.0, 6.0], [0.0, 0.0, 0.0], [0.0, 0.0, 0.0], [0.0, 0.0, 0.0], [0.0, 0.0, 0.0], [0.0, 0.0, 0.0], [0.0, 0.0, 0.0], [0.0, 0.0, 0.0], [0.0, 0.0, 0.0], [0.0, 0.0, 0.0], [0.0, 0.0, 0.0], [0.0, 0.0, 0.0], [0.0, 0.0, 0.0], [0.0, 0.0, 0.0], [0.0, 0.0, 0.0], [0.0, 0.0, 0.0], [0.0, 0.0, 0.0], [0.0, 0.0, 0.0], [0.0, 0.0, 0.0], [0.0, 0.0, 0.0], [0.0, 0.0, 0.0], [0.0, 0.0, 0.0], [0.0, 0.0, 0.0], [0.0, 0.0, 0.0], [0.0, 0.0, 0.0]], [[15.0, 16.0, 17.0], [15.0, 16.0, 17.0], [0.0, 16.0, 16.0], [0.0, 0.0, 17.0], [0.0, 0.0, 0.0], [0.0, 0.0, 0.0], [0.0, 0.0, 0.0], [0.0, 0.0, 0.0], [0.0, 0.0, 0.0], [0.0, 0.0, 0.0], [0.0, 0.0, 0.0], [0.0, 0.0, 0.0], [0.0, 0.0, 0.0], [0.0, 0.0, 0.0], [0.0, 0.0, 0.0], [0.0, 0.0, 0.0], [0.0, 0.0, 0.0], [0.0, 0.0, 0.0], [0.0, 0.0, 0.0], [0.0, 0.0, 0.0], [0.0, 0.0, 0.0], [0.0, 0.0, 0.0], [0.0, 0.0, 0.0], [0.0, 0.0, 0.0], [0.0, 0.0, 0.0], [0.0, 0.0, 0.0], [0.0, 0.0, 0.0], [0.0, 0.0, 0.0], [0.0, 0.0, 0.0], [0.0, 0.0, 0.0]]]","[[16, 17, 17], [17, 15, 16]]","[[0.1688, 0.1266, 0.0844], [0.1676, 0.1257, 0.0838]]","[5000, 5000, 5000]",5,"[16.0, 11.0, 7.0]","[114.0, 109.0, 105.0]",1,Safety,"[6.0, 7.0]","[6.0, 4.0]","[6.0, 5.0]","[[6.0, 6.0, 6.0], [7.0, 4.0, 5.0]]",5,5,20,5,0.02,3,0.05,1,1,10,"[33, 40, 100]",2,1,0.2,100,10,2,no,4,1,5000,assessment,1,33,2022-08-30-14-51-30
